date,name
2019-01-01,元旦
2019-02-04,春节
2019-02-05,春节
2019-02-06,春节
2019-02-07,春节
2019-02-08,春节
2019-02-09,春节
2019-02-10,春节
2019-04-05,清明
2019-04-06,清明
2019-04-07,清明
2019-05-01,劳动节
2019-05-02,劳动节
2019-05-03,劳动节
2019-05-04,劳动节
2019-06-07,端午
2019-06-08,端午
2019-06-09,端午
2019-09-13,中秋
2019-09-14,中秋
2019-09-15,中秋
2019-10-01,国庆
2019-10-02,国庆
2019-10-03,国庆
2019-10-04,国庆
2019-10-05,国庆
2019-10-06,国庆
2019-10-07,国庆
2020-01-01,元旦
2020-01-24,春节
2020-01-25,春节
2020-01-26,春节
2020-01-27,春节
2020-01-28,春节
2020-01-29,春节
2020-01-30,春节
2020-01-31,春节
2020-02-01,春节
2020-02-02,春节
2020-04-04,清明
2020-04-05,清明
2020-04-06,清明
2020-05-01,劳动节
2020-05-02,劳动节
2020-05-03,劳动节
2020-05-04,劳动节
2020-05-05,劳动节
2020-06-25,端午
2020-06-26,端午
2020-06-27,端午
2020-10-01,中秋国庆
2020-10-02,中秋国庆
2020-10-03,中秋国庆
2020-10-04,中秋国庆
2020-10-05,中秋国庆
2020-10-06,中秋国庆
2020-10-07,中秋国庆
2020-10-08,中秋国庆
2021-01-01,元旦
2021-01-02,元旦
2021-01-03,元旦
2021-02-11,春节
2021-02-12,春节
2021-02-13,春节
2021-02-14,春节
2021-02-15,春节
2021-02-16,春节
2021-02-17,春节
2021-04-03,清明
2021-04-04,清明
2021-04-05,清明
2021-05-01,劳动节
2021-05-02,劳动节
2021-05-03,劳动节
2021-05-04,劳动节
2021-05-05,劳动节
2021-06-14,端午
2021-06-15,端午
2021-06-16,端午
2021-09-19,中秋
2021-09-20,中秋
2021-09-21,中秋
2021-10-01,国庆
2021-10-02,国庆
2021-10-03,国庆
2021-10-04,国庆
2021-10-05,国庆
2021-10-06,国庆
2021-10-07,国庆
2022-01-01,元旦
2022-01-02,元旦
2022-01-03,元旦
2022-01-31,春节
2022-02-01,春节
2022-02-02,春节
2022-02-03,春节
2022-02-04,春节
2022-02-05,春节
2022-02-06,春节
2022-04-03,清明
2022-04-04,清明
2022-04-05,清明
2022-04-30,劳动节
2022-05-01,劳动节
2022-05-02,劳动节
2022-05-03,劳动节
2022-05-04,劳动节
2022-06-03,端午
2022-06-04,端午
2022-06-05,端午
2022-09-10,中秋
2022-09-11,中秋
2022-09-12,中秋
2022-10-01,国庆
2022-10-02,国庆
2022-10-03,国庆
2022-10-04,国庆
2022-10-05,国庆
2022-10-06,国庆
2022-10-07,国庆
2022-12-31,元旦
2023-01-01,元旦
2023-01-02,元旦
2023-01-21,春节
2023-01-22,春节
2023-01-23,春节
2023-01-24,春节
2023-01-25,春节
2023-01-26,春节
2023-01-27,春节
2023-04-05,清明
2023-04-29,劳动节
2023-04-30,劳动节
2023-05-01,劳动节
2023-05-02,劳动节
2023-05-03,劳动节
2023-06-22,端午
2023-06-23,端午
2023-06-24,端午
2023-09-29,中秋国庆
2023-09-30,中秋国庆
2023-10-01,中秋国庆
2023-10-02,中秋国庆
2023-10-03,中秋国庆
2023-10-04,中秋国庆
2023-10-05,中秋国庆
2023-10-06,中秋国庆
2024-01-01,元旦
2024-02-10,春节
2024-02-11,春节
2024-02-12,春节
2024-02-13,春节
2024-02-14,春节
2024-02-15,春节
2024-02-16,春节
2024-02-17,春节
2024-04-04,清明
2024-04-05,清明
2024-04-06,清明
2024-05-01,劳动节
2024-05-02,劳动节
2024-05-03,劳动节
2024-05-04,劳动节
2024-05-05,劳动节
2024-06-10,端午
2024-09-15,中秋
2024-09-16,中秋
2024-09-17,中秋
2024-10-01,国庆
2024-10-02,国庆
2024-10-03,国庆
2024-10-04,国庆
2024-10-05,国庆
2024-10-06,国庆
2024-10-07,国庆
2025-01-01,元旦
2025-01-28,春节
2025-01-29,春节
2025-01-30,春节
2025-01-31,春节
2025-02-01,春节
2025-02-02,春节
2025-02-03,春节
2025-02-04,春节
2025-04-04,清明
2025-04-05,清明
2025-04-06,清明
2025-05-01,劳动节
2025-05-02,劳动节
2025-05-03,劳动节
2025-05-04,劳动节
2025-05-05,劳动节
2025-05-31,端午
2025-06-01,端午
2025-06-02,端午
2025-10-01,中秋国庆
2025-10-02,中秋国庆
2025-10-03,中秋国庆
2025-10-04,中秋国庆
2025-10-05,中秋国庆
2025-10-06,中秋国庆
2025-10-07,中秋国庆
2025-10-08,中秋国庆
