date,year,quarter,month,month_name,week_of_year,weekday,weekday_name,is_weekend,day_of_year,is_month_start,is_month_end
2019-09-27,2019,3,9,九月,39,4,周五,否,270,否,否
2019-09-28,2019,3,9,九月,39,5,周六,是,271,否,否
2019-09-29,2019,3,9,九月,39,6,周日,是,272,否,否
2019-09-30,2019,3,9,九月,40,0,周一,否,273,否,是
2019-10-01,2019,4,10,十月,40,1,周二,否,274,是,否
2019-10-02,2019,4,10,十月,40,2,周三,否,275,否,否
2019-10-03,2019,4,10,十月,40,3,周四,否,276,否,否
2019-10-04,2019,4,10,十月,40,4,周五,否,277,否,否
2019-10-05,2019,4,10,十月,40,5,周六,是,278,否,否
2019-10-06,2019,4,10,十月,40,6,周日,是,279,否,否
2019-10-07,2019,4,10,十月,41,0,周一,否,280,否,否
2019-10-08,2019,4,10,十月,41,1,周二,否,281,否,否
2019-10-09,2019,4,10,十月,41,2,周三,否,282,否,否
2019-10-10,2019,4,10,十月,41,3,周四,否,283,否,否
2019-10-11,2019,4,10,十月,41,4,周五,否,284,否,否
2019-10-12,2019,4,10,十月,41,5,周六,是,285,否,否
2019-10-13,2019,4,10,十月,41,6,周日,是,286,否,否
2019-10-14,2019,4,10,十月,42,0,周一,否,287,否,否
2019-10-15,2019,4,10,十月,42,1,周二,否,288,否,否
2019-10-16,2019,4,10,十月,42,2,周三,否,289,否,否
2019-10-17,2019,4,10,十月,42,3,周四,否,290,否,否
2019-10-18,2019,4,10,十月,42,4,周五,否,291,否,否
2019-10-19,2019,4,10,十月,42,5,周六,是,292,否,否
2019-10-20,2019,4,10,十月,42,6,周日,是,293,否,否
2019-10-21,2019,4,10,十月,43,0,周一,否,294,否,否
2019-10-22,2019,4,10,十月,43,1,周二,否,295,否,否
2019-10-23,2019,4,10,十月,43,2,周三,否,296,否,否
2019-10-24,2019,4,10,十月,43,3,周四,否,297,否,否
2019-10-25,2019,4,10,十月,43,4,周五,否,298,否,否
2019-10-26,2019,4,10,十月,43,5,周六,是,299,否,否
2019-10-27,2019,4,10,十月,43,6,周日,是,300,否,否
2019-10-28,2019,4,10,十月,44,0,周一,否,301,否,否
2019-10-29,2019,4,10,十月,44,1,周二,否,302,否,否
2019-10-30,2019,4,10,十月,44,2,周三,否,303,否,否
2019-10-31,2019,4,10,十月,44,3,周四,否,304,否,是
2019-11-01,2019,4,11,十一月,44,4,周五,否,305,是,否
2019-11-02,2019,4,11,十一月,44,5,周六,是,306,否,否
2019-11-03,2019,4,11,十一月,44,6,周日,是,307,否,否
2019-11-04,2019,4,11,十一月,45,0,周一,否,308,否,否
2019-11-05,2019,4,11,十一月,45,1,周二,否,309,否,否
2019-11-06,2019,4,11,十一月,45,2,周三,否,310,否,否
2019-11-07,2019,4,11,十一月,45,3,周四,否,311,否,否
2019-11-08,2019,4,11,十一月,45,4,周五,否,312,否,否
2019-11-09,2019,4,11,十一月,45,5,周六,是,313,否,否
2019-11-10,2019,4,11,十一月,45,6,周日,是,314,否,否
2019-11-11,2019,4,11,十一月,46,0,周一,否,315,否,否
2019-11-12,2019,4,11,十一月,46,1,周二,否,316,否,否
2019-11-13,2019,4,11,十一月,46,2,周三,否,317,否,否
2019-11-14,2019,4,11,十一月,46,3,周四,否,318,否,否
2019-11-15,2019,4,11,十一月,46,4,周五,否,319,否,否
2019-11-16,2019,4,11,十一月,46,5,周六,是,320,否,否
2019-11-17,2019,4,11,十一月,46,6,周日,是,321,否,否
2019-11-18,2019,4,11,十一月,47,0,周一,否,322,否,否
2019-11-19,2019,4,11,十一月,47,1,周二,否,323,否,否
2019-11-20,2019,4,11,十一月,47,2,周三,否,324,否,否
2019-11-21,2019,4,11,十一月,47,3,周四,否,325,否,否
2019-11-22,2019,4,11,十一月,47,4,周五,否,326,否,否
2019-11-23,2019,4,11,十一月,47,5,周六,是,327,否,否
2019-11-24,2019,4,11,十一月,47,6,周日,是,328,否,否
2019-11-25,2019,4,11,十一月,48,0,周一,否,329,否,否
2019-11-26,2019,4,11,十一月,48,1,周二,否,330,否,否
2019-11-27,2019,4,11,十一月,48,2,周三,否,331,否,否
2019-11-28,2019,4,11,十一月,48,3,周四,否,332,否,否
2019-11-29,2019,4,11,十一月,48,4,周五,否,333,否,否
2019-11-30,2019,4,11,十一月,48,5,周六,是,334,否,是
2019-12-01,2019,4,12,十二月,48,6,周日,是,335,是,否
2019-12-02,2019,4,12,十二月,49,0,周一,否,336,否,否
2019-12-03,2019,4,12,十二月,49,1,周二,否,337,否,否
2019-12-04,2019,4,12,十二月,49,2,周三,否,338,否,否
2019-12-05,2019,4,12,十二月,49,3,周四,否,339,否,否
2019-12-06,2019,4,12,十二月,49,4,周五,否,340,否,否
2019-12-07,2019,4,12,十二月,49,5,周六,是,341,否,否
2019-12-08,2019,4,12,十二月,49,6,周日,是,342,否,否
2019-12-09,2019,4,12,十二月,50,0,周一,否,343,否,否
2019-12-10,2019,4,12,十二月,50,1,周二,否,344,否,否
2019-12-11,2019,4,12,十二月,50,2,周三,否,345,否,否
2019-12-12,2019,4,12,十二月,50,3,周四,否,346,否,否
2019-12-13,2019,4,12,十二月,50,4,周五,否,347,否,否
2019-12-14,2019,4,12,十二月,50,5,周六,是,348,否,否
2019-12-15,2019,4,12,十二月,50,6,周日,是,349,否,否
2019-12-16,2019,4,12,十二月,51,0,周一,否,350,否,否
2019-12-17,2019,4,12,十二月,51,1,周二,否,351,否,否
2019-12-18,2019,4,12,十二月,51,2,周三,否,352,否,否
2019-12-19,2019,4,12,十二月,51,3,周四,否,353,否,否
2019-12-20,2019,4,12,十二月,51,4,周五,否,354,否,否
2019-12-21,2019,4,12,十二月,51,5,周六,是,355,否,否
2019-12-22,2019,4,12,十二月,51,6,周日,是,356,否,否
2019-12-23,2019,4,12,十二月,52,0,周一,否,357,否,否
2019-12-24,2019,4,12,十二月,52,1,周二,否,358,否,否
2019-12-25,2019,4,12,十二月,52,2,周三,否,359,否,否
2019-12-26,2019,4,12,十二月,52,3,周四,否,360,否,否
2019-12-27,2019,4,12,十二月,52,4,周五,否,361,否,否
2019-12-28,2019,4,12,十二月,52,5,周六,是,362,否,否
2019-12-29,2019,4,12,十二月,52,6,周日,是,363,否,否
2019-12-30,2019,4,12,十二月,1,0,周一,否,364,否,否
2019-12-31,2019,4,12,十二月,1,1,周二,否,365,否,是
2020-01-01,2020,1,1,一月,1,2,周三,否,1,是,否
2020-01-02,2020,1,1,一月,1,3,周四,否,2,否,否
2020-01-03,2020,1,1,一月,1,4,周五,否,3,否,否
2020-01-04,2020,1,1,一月,1,5,周六,是,4,否,否
2020-01-05,2020,1,1,一月,1,6,周日,是,5,否,否
2020-01-06,2020,1,1,一月,2,0,周一,否,6,否,否
2020-01-07,2020,1,1,一月,2,1,周二,否,7,否,否
2020-01-08,2020,1,1,一月,2,2,周三,否,8,否,否
2020-01-09,2020,1,1,一月,2,3,周四,否,9,否,否
2020-01-10,2020,1,1,一月,2,4,周五,否,10,否,否
2020-01-11,2020,1,1,一月,2,5,周六,是,11,否,否
2020-01-12,2020,1,1,一月,2,6,周日,是,12,否,否
2020-01-13,2020,1,1,一月,3,0,周一,否,13,否,否
2020-01-14,2020,1,1,一月,3,1,周二,否,14,否,否
2020-01-15,2020,1,1,一月,3,2,周三,否,15,否,否
2020-01-16,2020,1,1,一月,3,3,周四,否,16,否,否
2020-01-17,2020,1,1,一月,3,4,周五,否,17,否,否
2020-01-18,2020,1,1,一月,3,5,周六,是,18,否,否
2020-01-19,2020,1,1,一月,3,6,周日,是,19,否,否
2020-01-20,2020,1,1,一月,4,0,周一,否,20,否,否
2020-01-21,2020,1,1,一月,4,1,周二,否,21,否,否
2020-01-22,2020,1,1,一月,4,2,周三,否,22,否,否
2020-01-23,2020,1,1,一月,4,3,周四,否,23,否,否
2020-01-24,2020,1,1,一月,4,4,周五,否,24,否,否
2020-01-25,2020,1,1,一月,4,5,周六,是,25,否,否
2020-01-26,2020,1,1,一月,4,6,周日,是,26,否,否
2020-01-27,2020,1,1,一月,5,0,周一,否,27,否,否
2020-03-31,2020,1,3,三月,14,1,周二,否,91,否,是
2020-04-01,2020,2,4,四月,14,2,周三,否,92,是,否
2020-04-02,2020,2,4,四月,14,3,周四,否,93,否,否
2020-04-03,2020,2,4,四月,14,4,周五,否,94,否,否
2020-04-04,2020,2,4,四月,14,5,周六,是,95,否,否
2020-04-05,2020,2,4,四月,14,6,周日,是,96,否,否
2020-04-06,2020,2,4,四月,15,0,周一,否,97,否,否
2020-04-07,2020,2,4,四月,15,1,周二,否,98,否,否
2020-04-08,2020,2,4,四月,15,2,周三,否,99,否,否
2020-04-09,2020,2,4,四月,15,3,周四,否,100,否,否
2020-04-10,2020,2,4,四月,15,4,周五,否,101,否,否
2020-04-11,2020,2,4,四月,15,5,周六,是,102,否,否
2020-04-12,2020,2,4,四月,15,6,周日,是,103,否,否
2020-04-13,2020,2,4,四月,16,0,周一,否,104,否,否
2020-04-14,2020,2,4,四月,16,1,周二,否,105,否,否
2020-04-15,2020,2,4,四月,16,2,周三,否,106,否,否
2020-04-16,2020,2,4,四月,16,3,周四,否,107,否,否
2020-04-17,2020,2,4,四月,16,4,周五,否,108,否,否
2020-04-18,2020,2,4,四月,16,5,周六,是,109,否,否
2020-04-19,2020,2,4,四月,16,6,周日,是,110,否,否
2020-04-20,2020,2,4,四月,17,0,周一,否,111,否,否
2020-04-21,2020,2,4,四月,17,1,周二,否,112,否,否
2020-04-22,2020,2,4,四月,17,2,周三,否,113,否,否
2020-04-23,2020,2,4,四月,17,3,周四,否,114,否,否
2020-04-24,2020,2,4,四月,17,4,周五,否,115,否,否
2020-04-25,2020,2,4,四月,17,5,周六,是,116,否,否
2020-04-26,2020,2,4,四月,17,6,周日,是,117,否,否
2020-04-27,2020,2,4,四月,18,0,周一,否,118,否,否
2020-04-28,2020,2,4,四月,18,1,周二,否,119,否,否
2020-04-29,2020,2,4,四月,18,2,周三,否,120,否,否
2020-04-30,2020,2,4,四月,18,3,周四,否,121,否,是
2020-05-01,2020,2,5,五月,18,4,周五,否,122,是,否
2020-05-02,2020,2,5,五月,18,5,周六,是,123,否,否
2020-05-03,2020,2,5,五月,18,6,周日,是,124,否,否
2020-05-04,2020,2,5,五月,19,0,周一,否,125,否,否
2020-05-05,2020,2,5,五月,19,1,周二,否,126,否,否
2020-05-06,2020,2,5,五月,19,2,周三,否,127,否,否
2020-05-07,2020,2,5,五月,19,3,周四,否,128,否,否
2020-05-08,2020,2,5,五月,19,4,周五,否,129,否,否
2020-05-09,2020,2,5,五月,19,5,周六,是,130,否,否
2020-05-10,2020,2,5,五月,19,6,周日,是,131,否,否
2020-05-11,2020,2,5,五月,20,0,周一,否,132,否,否
2020-05-12,2020,2,5,五月,20,1,周二,否,133,否,否
2020-05-13,2020,2,5,五月,20,2,周三,否,134,否,否
2020-05-14,2020,2,5,五月,20,3,周四,否,135,否,否
2020-05-15,2020,2,5,五月,20,4,周五,否,136,否,否
2020-05-16,2020,2,5,五月,20,5,周六,是,137,否,否
2020-05-17,2020,2,5,五月,20,6,周日,是,138,否,否
2020-05-18,2020,2,5,五月,21,0,周一,否,139,否,否
2020-05-19,2020,2,5,五月,21,1,周二,否,140,否,否
2020-05-20,2020,2,5,五月,21,2,周三,否,141,否,否
2020-05-21,2020,2,5,五月,21,3,周四,否,142,否,否
2020-05-22,2020,2,5,五月,21,4,周五,否,143,否,否
2020-05-23,2020,2,5,五月,21,5,周六,是,144,否,否
2020-05-24,2020,2,5,五月,21,6,周日,是,145,否,否
2020-05-25,2020,2,5,五月,22,0,周一,否,146,否,否
2020-05-26,2020,2,5,五月,22,1,周二,否,147,否,否
2020-05-27,2020,2,5,五月,22,2,周三,否,148,否,否
2020-05-28,2020,2,5,五月,22,3,周四,否,149,否,否
2020-05-29,2020,2,5,五月,22,4,周五,否,150,否,否
2020-05-30,2020,2,5,五月,22,5,周六,是,151,否,否
2020-05-31,2020,2,5,五月,22,6,周日,是,152,否,是
2020-06-01,2020,2,6,六月,23,0,周一,否,153,是,否
2020-06-02,2020,2,6,六月,23,1,周二,否,154,否,否
2020-06-03,2020,2,6,六月,23,2,周三,否,155,否,否
2020-06-04,2020,2,6,六月,23,3,周四,否,156,否,否
2020-06-05,2020,2,6,六月,23,4,周五,否,157,否,否
2020-06-06,2020,2,6,六月,23,5,周六,是,158,否,否
2020-06-07,2020,2,6,六月,23,6,周日,是,159,否,否
2020-06-08,2020,2,6,六月,24,0,周一,否,160,否,否
2020-06-09,2020,2,6,六月,24,1,周二,否,161,否,否
2020-06-10,2020,2,6,六月,24,2,周三,否,162,否,否
2020-06-11,2020,2,6,六月,24,3,周四,否,163,否,否
2020-06-12,2020,2,6,六月,24,4,周五,否,164,否,否
2020-06-13,2020,2,6,六月,24,5,周六,是,165,否,否
2020-06-14,2020,2,6,六月,24,6,周日,是,166,否,否
2020-06-15,2020,2,6,六月,25,0,周一,否,167,否,否
2020-06-16,2020,2,6,六月,25,1,周二,否,168,否,否
2020-06-17,2020,2,6,六月,25,2,周三,否,169,否,否
2020-06-18,2020,2,6,六月,25,3,周四,否,170,否,否
2020-06-19,2020,2,6,六月,25,4,周五,否,171,否,否
2020-06-20,2020,2,6,六月,25,5,周六,是,172,否,否
2020-06-21,2020,2,6,六月,25,6,周日,是,173,否,否
2020-06-22,2020,2,6,六月,26,0,周一,否,174,否,否
2020-06-24,2020,2,6,六月,26,2,周三,否,176,否,否
2020-06-26,2020,2,6,六月,26,4,周五,否,178,否,否
2020-06-27,2020,2,6,六月,26,5,周六,是,179,否,否
2020-06-28,2020,2,6,六月,26,6,周日,是,180,否,否
2020-06-29,2020,2,6,六月,27,0,周一,否,181,否,否
2020-06-30,2020,2,6,六月,27,1,周二,否,182,否,是
2020-07-01,2020,3,7,七月,27,2,周三,否,183,是,否
2020-07-02,2020,3,7,七月,27,3,周四,否,184,否,否
2020-07-03,2020,3,7,七月,27,4,周五,否,185,否,否
2020-07-04,2020,3,7,七月,27,5,周六,是,186,否,否
2020-07-05,2020,3,7,七月,27,6,周日,是,187,否,否
2020-07-06,2020,3,7,七月,28,0,周一,否,188,否,否
2020-07-07,2020,3,7,七月,28,1,周二,否,189,否,否
2020-07-08,2020,3,7,七月,28,2,周三,否,190,否,否
2020-07-09,2020,3,7,七月,28,3,周四,否,191,否,否
2020-07-10,2020,3,7,七月,28,4,周五,否,192,否,否
2020-07-11,2020,3,7,七月,28,5,周六,是,193,否,否
2020-07-12,2020,3,7,七月,28,6,周日,是,194,否,否
2020-07-13,2020,3,7,七月,29,0,周一,否,195,否,否
2020-07-14,2020,3,7,七月,29,1,周二,否,196,否,否
2020-07-15,2020,3,7,七月,29,2,周三,否,197,否,否
2020-07-16,2020,3,7,七月,29,3,周四,否,198,否,否
2020-07-17,2020,3,7,七月,29,4,周五,否,199,否,否
2020-07-18,2020,3,7,七月,29,5,周六,是,200,否,否
2020-07-19,2020,3,7,七月,29,6,周日,是,201,否,否
2020-07-20,2020,3,7,七月,30,0,周一,否,202,否,否
2020-07-21,2020,3,7,七月,30,1,周二,否,203,否,否
2020-07-22,2020,3,7,七月,30,2,周三,否,204,否,否
2020-07-23,2020,3,7,七月,30,3,周四,否,205,否,否
2020-07-24,2020,3,7,七月,30,4,周五,否,206,否,否
2020-07-25,2020,3,7,七月,30,5,周六,是,207,否,否
2020-07-26,2020,3,7,七月,30,6,周日,是,208,否,否
2020-07-27,2020,3,7,七月,31,0,周一,否,209,否,否
2020-07-28,2020,3,7,七月,31,1,周二,否,210,否,否
2020-07-29,2020,3,7,七月,31,2,周三,否,211,否,否
2020-07-30,2020,3,7,七月,31,3,周四,否,212,否,否
2020-07-31,2020,3,7,七月,31,4,周五,否,213,否,是
2020-08-01,2020,3,8,八月,31,5,周六,是,214,是,否
2020-08-02,2020,3,8,八月,31,6,周日,是,215,否,否
2020-08-03,2020,3,8,八月,32,0,周一,否,216,否,否
2020-08-04,2020,3,8,八月,32,1,周二,否,217,否,否
2020-08-05,2020,3,8,八月,32,2,周三,否,218,否,否
2020-08-06,2020,3,8,八月,32,3,周四,否,219,否,否
2020-08-07,2020,3,8,八月,32,4,周五,否,220,否,否
2020-08-08,2020,3,8,八月,32,5,周六,是,221,否,否
2020-08-09,2020,3,8,八月,32,6,周日,是,222,否,否
2020-08-10,2020,3,8,八月,33,0,周一,否,223,否,否
2020-08-11,2020,3,8,八月,33,1,周二,否,224,否,否
2020-08-12,2020,3,8,八月,33,2,周三,否,225,否,否
2020-08-13,2020,3,8,八月,33,3,周四,否,226,否,否
2020-08-14,2020,3,8,八月,33,4,周五,否,227,否,否
2020-08-15,2020,3,8,八月,33,5,周六,是,228,否,否
2020-08-16,2020,3,8,八月,33,6,周日,是,229,否,否
2020-08-17,2020,3,8,八月,34,0,周一,否,230,否,否
2020-08-22,2020,3,8,八月,34,5,周六,是,235,否,否
2020-08-23,2020,3,8,八月,34,6,周日,是,236,否,否
2020-08-24,2020,3,8,八月,35,0,周一,否,237,否,否
2020-08-25,2020,3,8,八月,35,1,周二,否,238,否,否
2020-08-26,2020,3,8,八月,35,2,周三,否,239,否,否
2020-08-27,2020,3,8,八月,35,3,周四,否,240,否,否
2020-08-28,2020,3,8,八月,35,4,周五,否,241,否,否
2020-08-29,2020,3,8,八月,35,5,周六,是,242,否,否
2020-08-30,2020,3,8,八月,35,6,周日,是,243,否,否
2020-08-31,2020,3,8,八月,36,0,周一,否,244,否,是
2020-09-01,2020,3,9,九月,36,1,周二,否,245,是,否
2020-09-02,2020,3,9,九月,36,2,周三,否,246,否,否
2020-09-03,2020,3,9,九月,36,3,周四,否,247,否,否
2020-09-04,2020,3,9,九月,36,4,周五,否,248,否,否
2020-09-05,2020,3,9,九月,36,5,周六,是,249,否,否
2020-09-06,2020,3,9,九月,36,6,周日,是,250,否,否
2020-09-07,2020,3,9,九月,37,0,周一,否,251,否,否
2020-09-08,2020,3,9,九月,37,1,周二,否,252,否,否
2020-09-09,2020,3,9,九月,37,2,周三,否,253,否,否
2020-09-10,2020,3,9,九月,37,3,周四,否,254,否,否
2020-09-11,2020,3,9,九月,37,4,周五,否,255,否,否
2020-09-12,2020,3,9,九月,37,5,周六,是,256,否,否
2020-09-13,2020,3,9,九月,37,6,周日,是,257,否,否
2020-09-14,2020,3,9,九月,38,0,周一,否,258,否,否
2020-09-15,2020,3,9,九月,38,1,周二,否,259,否,否
2020-09-16,2020,3,9,九月,38,2,周三,否,260,否,否
2020-09-17,2020,3,9,九月,38,3,周四,否,261,否,否
2020-09-18,2020,3,9,九月,38,4,周五,否,262,否,否
2020-09-19,2020,3,9,九月,38,5,周六,是,263,否,否
2020-09-20,2020,3,9,九月,38,6,周日,是,264,否,否
2020-09-21,2020,3,9,九月,39,0,周一,否,265,否,否
2020-09-22,2020,3,9,九月,39,1,周二,否,266,否,否
2020-09-23,2020,3,9,九月,39,2,周三,否,267,否,否
2020-09-24,2020,3,9,九月,39,3,周四,否,268,否,否
2020-09-25,2020,3,9,九月,39,4,周五,否,269,否,否
2020-09-26,2020,3,9,九月,39,5,周六,是,270,否,否
2020-09-27,2020,3,9,九月,39,6,周日,是,271,否,否
2020-09-28,2020,3,9,九月,40,0,周一,否,272,否,否
2020-09-29,2020,3,9,九月,40,1,周二,否,273,否,否
2020-09-30,2020,3,9,九月,40,2,周三,否,274,否,是
2020-10-01,2020,4,10,十月,40,3,周四,否,275,是,否
2020-10-02,2020,4,10,十月,40,4,周五,否,276,否,否
2020-10-03,2020,4,10,十月,40,5,周六,是,277,否,否
2020-10-04,2020,4,10,十月,40,6,周日,是,278,否,否
2020-10-05,2020,4,10,十月,41,0,周一,否,279,否,否
2020-10-06,2020,4,10,十月,41,1,周二,否,280,否,否
2020-10-07,2020,4,10,十月,41,2,周三,否,281,否,否
2020-10-08,2020,4,10,十月,41,3,周四,否,282,否,否
2020-10-09,2020,4,10,十月,41,4,周五,否,283,否,否
2020-10-10,2020,4,10,十月,41,5,周六,是,284,否,否
2020-10-11,2020,4,10,十月,41,6,周日,是,285,否,否
2020-10-12,2020,4,10,十月,42,0,周一,否,286,否,否
2020-10-13,2020,4,10,十月,42,1,周二,否,287,否,否
2020-10-14,2020,4,10,十月,42,2,周三,否,288,否,否
2020-10-15,2020,4,10,十月,42,3,周四,否,289,否,否
2020-10-16,2020,4,10,十月,42,4,周五,否,290,否,否
2020-10-17,2020,4,10,十月,42,5,周六,是,291,否,否
2020-10-18,2020,4,10,十月,42,6,周日,是,292,否,否
2020-10-19,2020,4,10,十月,43,0,周一,否,293,否,否
2020-10-20,2020,4,10,十月,43,1,周二,否,294,否,否
2020-10-21,2020,4,10,十月,43,2,周三,否,295,否,否
2020-10-22,2020,4,10,十月,43,3,周四,否,296,否,否
2020-10-23,2020,4,10,十月,43,4,周五,否,297,否,否
2020-10-24,2020,4,10,十月,43,5,周六,是,298,否,否
2020-10-25,2020,4,10,十月,43,6,周日,是,299,否,否
2020-10-26,2020,4,10,十月,44,0,周一,否,300,否,否
2020-10-27,2020,4,10,十月,44,1,周二,否,301,否,否
2020-10-28,2020,4,10,十月,44,2,周三,否,302,否,否
2020-10-29,2020,4,10,十月,44,3,周四,否,303,否,否
2020-10-30,2020,4,10,十月,44,4,周五,否,304,否,否
2020-10-31,2020,4,10,十月,44,5,周六,是,305,否,是
2020-11-01,2020,4,11,十一月,44,6,周日,是,306,是,否
2020-11-02,2020,4,11,十一月,45,0,周一,否,307,否,否
2020-11-03,2020,4,11,十一月,45,1,周二,否,308,否,否
2020-11-04,2020,4,11,十一月,45,2,周三,否,309,否,否
2020-11-05,2020,4,11,十一月,45,3,周四,否,310,否,否
2020-11-06,2020,4,11,十一月,45,4,周五,否,311,否,否
2020-11-07,2020,4,11,十一月,45,5,周六,是,312,否,否
2020-11-08,2020,4,11,十一月,45,6,周日,是,313,否,否
2020-11-09,2020,4,11,十一月,46,0,周一,否,314,否,否
2020-11-10,2020,4,11,十一月,46,1,周二,否,315,否,否
2020-11-11,2020,4,11,十一月,46,2,周三,否,316,否,否
2020-11-12,2020,4,11,十一月,46,3,周四,否,317,否,否
2020-11-13,2020,4,11,十一月,46,4,周五,否,318,否,否
2020-11-14,2020,4,11,十一月,46,5,周六,是,319,否,否
2020-11-15,2020,4,11,十一月,46,6,周日,是,320,否,否
2020-11-16,2020,4,11,十一月,47,0,周一,否,321,否,否
2020-11-17,2020,4,11,十一月,47,1,周二,否,322,否,否
2020-11-18,2020,4,11,十一月,47,2,周三,否,323,否,否
2020-11-19,2020,4,11,十一月,47,3,周四,否,324,否,否
2020-11-20,2020,4,11,十一月,47,4,周五,否,325,否,否
2020-11-21,2020,4,11,十一月,47,5,周六,是,326,否,否
2020-11-22,2020,4,11,十一月,47,6,周日,是,327,否,否
2020-11-23,2020,4,11,十一月,48,0,周一,否,328,否,否
2020-11-24,2020,4,11,十一月,48,1,周二,否,329,否,否
2020-11-25,2020,4,11,十一月,48,2,周三,否,330,否,否
2020-11-26,2020,4,11,十一月,48,3,周四,否,331,否,否
2020-11-27,2020,4,11,十一月,48,4,周五,否,332,否,否
2020-11-28,2020,4,11,十一月,48,5,周六,是,333,否,否
2020-11-29,2020,4,11,十一月,48,6,周日,是,334,否,否
2020-11-30,2020,4,11,十一月,49,0,周一,否,335,否,是
2020-12-01,2020,4,12,十二月,49,1,周二,否,336,是,否
2020-12-02,2020,4,12,十二月,49,2,周三,否,337,否,否
2020-12-03,2020,4,12,十二月,49,3,周四,否,338,否,否
2020-12-04,2020,4,12,十二月,49,4,周五,否,339,否,否
2020-12-05,2020,4,12,十二月,49,5,周六,是,340,否,否
2020-12-06,2020,4,12,十二月,49,6,周日,是,341,否,否
2020-12-07,2020,4,12,十二月,50,0,周一,否,342,否,否
2020-12-08,2020,4,12,十二月,50,1,周二,否,343,否,否
2020-12-09,2020,4,12,十二月,50,2,周三,否,344,否,否
2020-12-10,2020,4,12,十二月,50,3,周四,否,345,否,否
2020-12-11,2020,4,12,十二月,50,4,周五,否,346,否,否
2020-12-12,2020,4,12,十二月,50,5,周六,是,347,否,否
2020-12-13,2020,4,12,十二月,50,6,周日,是,348,否,否
2020-12-14,2020,4,12,十二月,51,0,周一,否,349,否,否
2020-12-15,2020,4,12,十二月,51,1,周二,否,350,否,否
2020-12-16,2020,4,12,十二月,51,2,周三,否,351,否,否
2020-12-17,2020,4,12,十二月,51,3,周四,否,352,否,否
2020-12-18,2020,4,12,十二月,51,4,周五,否,353,否,否
2020-12-19,2020,4,12,十二月,51,5,周六,是,354,否,否
2020-12-20,2020,4,12,十二月,51,6,周日,是,355,否,否
2020-12-21,2020,4,12,十二月,52,0,周一,否,356,否,否
2020-12-22,2020,4,12,十二月,52,1,周二,否,357,否,否
2020-12-23,2020,4,12,十二月,52,2,周三,否,358,否,否
2020-12-24,2020,4,12,十二月,52,3,周四,否,359,否,否
2020-12-25,2020,4,12,十二月,52,4,周五,否,360,否,否
2020-12-26,2020,4,12,十二月,52,5,周六,是,361,否,否
2020-12-27,2020,4,12,十二月,52,6,周日,是,362,否,否
2020-12-28,2020,4,12,十二月,53,0,周一,否,363,否,否
2020-12-29,2020,4,12,十二月,53,1,周二,否,364,否,否
2020-12-30,2020,4,12,十二月,53,2,周三,否,365,否,否
2020-12-31,2020,4,12,十二月,53,3,周四,否,366,否,是
2021-01-01,2021,1,1,一月,53,4,周五,否,1,是,否
2021-01-02,2021,1,1,一月,53,5,周六,是,2,否,否
2021-01-03,2021,1,1,一月,53,6,周日,是,3,否,否
2021-01-04,2021,1,1,一月,1,0,周一,否,4,否,否
2021-01-05,2021,1,1,一月,1,1,周二,否,5,否,否
2021-01-06,2021,1,1,一月,1,2,周三,否,6,否,否
2021-01-07,2021,1,1,一月,1,3,周四,否,7,否,否
2021-01-08,2021,1,1,一月,1,4,周五,否,8,否,否
2021-01-09,2021,1,1,一月,1,5,周六,是,9,否,否
2021-01-10,2021,1,1,一月,1,6,周日,是,10,否,否
2021-01-11,2021,1,1,一月,2,0,周一,否,11,否,否
2021-01-12,2021,1,1,一月,2,1,周二,否,12,否,否
2021-01-13,2021,1,1,一月,2,2,周三,否,13,否,否
2021-01-14,2021,1,1,一月,2,3,周四,否,14,否,否
2021-01-15,2021,1,1,一月,2,4,周五,否,15,否,否
2021-01-16,2021,1,1,一月,2,5,周六,是,16,否,否
2021-01-17,2021,1,1,一月,2,6,周日,是,17,否,否
2021-01-18,2021,1,1,一月,3,0,周一,否,18,否,否
2021-01-19,2021,1,1,一月,3,1,周二,否,19,否,否
2021-01-20,2021,1,1,一月,3,2,周三,否,20,否,否
2021-01-21,2021,1,1,一月,3,3,周四,否,21,否,否
2021-01-22,2021,1,1,一月,3,4,周五,否,22,否,否
2021-01-23,2021,1,1,一月,3,5,周六,是,23,否,否
2021-01-24,2021,1,1,一月,3,6,周日,是,24,否,否
2021-01-25,2021,1,1,一月,4,0,周一,否,25,否,否
2021-01-26,2021,1,1,一月,4,1,周二,否,26,否,否
2021-01-27,2021,1,1,一月,4,2,周三,否,27,否,否
2021-01-28,2021,1,1,一月,4,3,周四,否,28,否,否
2021-01-29,2021,1,1,一月,4,4,周五,否,29,否,否
2021-01-30,2021,1,1,一月,4,5,周六,是,30,否,否
2021-01-31,2021,1,1,一月,4,6,周日,是,31,否,是
2021-02-01,2021,1,2,二月,5,0,周一,否,32,是,否
2021-02-02,2021,1,2,二月,5,1,周二,否,33,否,否
2021-02-03,2021,1,2,二月,5,2,周三,否,34,否,否
2021-02-04,2021,1,2,二月,5,3,周四,否,35,否,否
2021-02-05,2021,1,2,二月,5,4,周五,否,36,否,否
2021-02-06,2021,1,2,二月,5,5,周六,是,37,否,否
2021-02-07,2021,1,2,二月,5,6,周日,是,38,否,否
2021-02-08,2021,1,2,二月,6,0,周一,否,39,否,否
2021-02-09,2021,1,2,二月,6,1,周二,否,40,否,否
2021-02-10,2021,1,2,二月,6,2,周三,否,41,否,否
2021-02-11,2021,1,2,二月,6,3,周四,否,42,否,否
2021-02-13,2021,1,2,二月,6,5,周六,是,44,否,否
2021-02-14,2021,1,2,二月,6,6,周日,是,45,否,否
2021-02-15,2021,1,2,二月,7,0,周一,否,46,否,否
2021-02-16,2021,1,2,二月,7,1,周二,否,47,否,否
2021-02-17,2021,1,2,二月,7,2,周三,否,48,否,否
2021-02-18,2021,1,2,二月,7,3,周四,否,49,否,否
2021-02-19,2021,1,2,二月,7,4,周五,否,50,否,否
2021-02-20,2021,1,2,二月,7,5,周六,是,51,否,否
2021-02-21,2021,1,2,二月,7,6,周日,是,52,否,否
2021-02-22,2021,1,2,二月,8,0,周一,否,53,否,否
2021-02-23,2021,1,2,二月,8,1,周二,否,54,否,否
2021-02-24,2021,1,2,二月,8,2,周三,否,55,否,否
2021-02-25,2021,1,2,二月,8,3,周四,否,56,否,否
2021-02-26,2021,1,2,二月,8,4,周五,否,57,否,否
2021-02-27,2021,1,2,二月,8,5,周六,是,58,否,否
2021-02-28,2021,1,2,二月,8,6,周日,是,59,否,是
2021-03-01,2021,1,3,三月,9,0,周一,否,60,是,否
2021-03-02,2021,1,3,三月,9,1,周二,否,61,否,否
2021-03-03,2021,1,3,三月,9,2,周三,否,62,否,否
2021-03-04,2021,1,3,三月,9,3,周四,否,63,否,否
2021-03-05,2021,1,3,三月,9,4,周五,否,64,否,否
2021-03-06,2021,1,3,三月,9,5,周六,是,65,否,否
2021-03-07,2021,1,3,三月,9,6,周日,是,66,否,否
2021-03-08,2021,1,3,三月,10,0,周一,否,67,否,否
2021-03-09,2021,1,3,三月,10,1,周二,否,68,否,否
2021-03-10,2021,1,3,三月,10,2,周三,否,69,否,否
2021-03-11,2021,1,3,三月,10,3,周四,否,70,否,否
2021-03-12,2021,1,3,三月,10,4,周五,否,71,否,否
2021-03-13,2021,1,3,三月,10,5,周六,是,72,否,否
2021-03-14,2021,1,3,三月,10,6,周日,是,73,否,否
2021-03-15,2021,1,3,三月,11,0,周一,否,74,否,否
2021-03-16,2021,1,3,三月,11,1,周二,否,75,否,否
2021-03-17,2021,1,3,三月,11,2,周三,否,76,否,否
2021-03-18,2021,1,3,三月,11,3,周四,否,77,否,否
2021-03-19,2021,1,3,三月,11,4,周五,否,78,否,否
2021-03-20,2021,1,3,三月,11,5,周六,是,79,否,否
2021-03-21,2021,1,3,三月,11,6,周日,是,80,否,否
2021-03-22,2021,1,3,三月,12,0,周一,否,81,否,否
2021-03-23,2021,1,3,三月,12,1,周二,否,82,否,否
2021-03-24,2021,1,3,三月,12,2,周三,否,83,否,否
2021-03-25,2021,1,3,三月,12,3,周四,否,84,否,否
2021-03-26,2021,1,3,三月,12,4,周五,否,85,否,否
2021-03-27,2021,1,3,三月,12,5,周六,是,86,否,否
2021-03-28,2021,1,3,三月,12,6,周日,是,87,否,否
2021-03-29,2021,1,3,三月,13,0,周一,否,88,否,否
2021-03-30,2021,1,3,三月,13,1,周二,否,89,否,否
2021-03-31,2021,1,3,三月,13,2,周三,否,90,否,是
2021-04-01,2021,2,4,四月,13,3,周四,否,91,是,否
2021-04-02,2021,2,4,四月,13,4,周五,否,92,否,否
2021-04-03,2021,2,4,四月,13,5,周六,是,93,否,否
2021-04-04,2021,2,4,四月,13,6,周日,是,94,否,否
2021-04-05,2021,2,4,四月,14,0,周一,否,95,否,否
2021-04-06,2021,2,4,四月,14,1,周二,否,96,否,否
2021-04-07,2021,2,4,四月,14,2,周三,否,97,否,否
2021-04-08,2021,2,4,四月,14,3,周四,否,98,否,否
2021-04-09,2021,2,4,四月,14,4,周五,否,99,否,否
2021-04-10,2021,2,4,四月,14,5,周六,是,100,否,否
2021-04-11,2021,2,4,四月,14,6,周日,是,101,否,否
2021-04-12,2021,2,4,四月,15,0,周一,否,102,否,否
2021-04-13,2021,2,4,四月,15,1,周二,否,103,否,否
2021-04-14,2021,2,4,四月,15,2,周三,否,104,否,否
2021-04-15,2021,2,4,四月,15,3,周四,否,105,否,否
2021-04-16,2021,2,4,四月,15,4,周五,否,106,否,否
2021-04-17,2021,2,4,四月,15,5,周六,是,107,否,否
2021-04-18,2021,2,4,四月,15,6,周日,是,108,否,否
2021-04-19,2021,2,4,四月,16,0,周一,否,109,否,否
2021-04-20,2021,2,4,四月,16,1,周二,否,110,否,否
2021-04-21,2021,2,4,四月,16,2,周三,否,111,否,否
2021-04-22,2021,2,4,四月,16,3,周四,否,112,否,否
2021-04-23,2021,2,4,四月,16,4,周五,否,113,否,否
2021-04-24,2021,2,4,四月,16,5,周六,是,114,否,否
2021-04-25,2021,2,4,四月,16,6,周日,是,115,否,否
2021-04-26,2021,2,4,四月,17,0,周一,否,116,否,否
2021-04-27,2021,2,4,四月,17,1,周二,否,117,否,否
2021-04-28,2021,2,4,四月,17,2,周三,否,118,否,否
2021-04-29,2021,2,4,四月,17,3,周四,否,119,否,否
2021-04-30,2021,2,4,四月,17,4,周五,否,120,否,是
2021-05-01,2021,2,5,五月,17,5,周六,是,121,是,否
2021-05-02,2021,2,5,五月,17,6,周日,是,122,否,否
2021-05-03,2021,2,5,五月,18,0,周一,否,123,否,否
2021-05-04,2021,2,5,五月,18,1,周二,否,124,否,否
2021-05-05,2021,2,5,五月,18,2,周三,否,125,否,否
2021-05-06,2021,2,5,五月,18,3,周四,否,126,否,否
2021-05-07,2021,2,5,五月,18,4,周五,否,127,否,否
2021-05-08,2021,2,5,五月,18,5,周六,是,128,否,否
2021-05-09,2021,2,5,五月,18,6,周日,是,129,否,否
2021-05-10,2021,2,5,五月,19,0,周一,否,130,否,否
2021-05-11,2021,2,5,五月,19,1,周二,否,131,否,否
2021-05-12,2021,2,5,五月,19,2,周三,否,132,否,否
2021-05-13,2021,2,5,五月,19,3,周四,否,133,否,否
2021-05-14,2021,2,5,五月,19,4,周五,否,134,否,否
2021-05-15,2021,2,5,五月,19,5,周六,是,135,否,否
2021-05-16,2021,2,5,五月,19,6,周日,是,136,否,否
2021-05-17,2021,2,5,五月,20,0,周一,否,137,否,否
2021-05-18,2021,2,5,五月,20,1,周二,否,138,否,否
2021-05-19,2021,2,5,五月,20,2,周三,否,139,否,否
2021-05-20,2021,2,5,五月,20,3,周四,否,140,否,否
2021-05-21,2021,2,5,五月,20,4,周五,否,141,否,否
2021-05-22,2021,2,5,五月,20,5,周六,是,142,否,否
2021-05-23,2021,2,5,五月,20,6,周日,是,143,否,否
2021-05-24,2021,2,5,五月,21,0,周一,否,144,否,否
2021-05-25,2021,2,5,五月,21,1,周二,否,145,否,否
2021-05-26,2021,2,5,五月,21,2,周三,否,146,否,否
2021-05-27,2021,2,5,五月,21,3,周四,否,147,否,否
2021-05-28,2021,2,5,五月,21,4,周五,否,148,否,否
2021-05-29,2021,2,5,五月,21,5,周六,是,149,否,否
2021-05-30,2021,2,5,五月,21,6,周日,是,150,否,否
2021-05-31,2021,2,5,五月,22,0,周一,否,151,否,是
2021-06-01,2021,2,6,六月,22,1,周二,否,152,是,否
2021-06-02,2021,2,6,六月,22,2,周三,否,153,否,否
2021-06-03,2021,2,6,六月,22,3,周四,否,154,否,否
2021-06-04,2021,2,6,六月,22,4,周五,否,155,否,否
2021-06-05,2021,2,6,六月,22,5,周六,是,156,否,否
2021-06-06,2021,2,6,六月,22,6,周日,是,157,否,否
2021-06-07,2021,2,6,六月,23,0,周一,否,158,否,否
2021-06-08,2021,2,6,六月,23,1,周二,否,159,否,否
2021-06-09,2021,2,6,六月,23,2,周三,否,160,否,否
2021-06-10,2021,2,6,六月,23,3,周四,否,161,否,否
2021-06-11,2021,2,6,六月,23,4,周五,否,162,否,否
2021-06-12,2021,2,6,六月,23,5,周六,是,163,否,否
2021-06-13,2021,2,6,六月,23,6,周日,是,164,否,否
2021-06-14,2021,2,6,六月,24,0,周一,否,165,否,否
2021-06-15,2021,2,6,六月,24,1,周二,否,166,否,否
2021-06-16,2021,2,6,六月,24,2,周三,否,167,否,否
2021-06-17,2021,2,6,六月,24,3,周四,否,168,否,否
2021-06-18,2021,2,6,六月,24,4,周五,否,169,否,否
2021-06-19,2021,2,6,六月,24,5,周六,是,170,否,否
2021-06-20,2021,2,6,六月,24,6,周日,是,171,否,否
2021-06-21,2021,2,6,六月,25,0,周一,否,172,否,否
2021-06-22,2021,2,6,六月,25,1,周二,否,173,否,否
2021-06-23,2021,2,6,六月,25,2,周三,否,174,否,否
2021-06-24,2021,2,6,六月,25,3,周四,否,175,否,否
2021-06-25,2021,2,6,六月,25,4,周五,否,176,否,否
2021-06-26,2021,2,6,六月,25,5,周六,是,177,否,否
2021-06-27,2021,2,6,六月,25,6,周日,是,178,否,否
2021-06-28,2021,2,6,六月,26,0,周一,否,179,否,否
2021-06-29,2021,2,6,六月,26,1,周二,否,180,否,否
2021-06-30,2021,2,6,六月,26,2,周三,否,181,否,是
2021-07-01,2021,3,7,七月,26,3,周四,否,182,是,否
2021-07-02,2021,3,7,七月,26,4,周五,否,183,否,否
2021-07-03,2021,3,7,七月,26,5,周六,是,184,否,否
2021-07-04,2021,3,7,七月,26,6,周日,是,185,否,否
2021-07-05,2021,3,7,七月,27,0,周一,否,186,否,否
2021-07-06,2021,3,7,七月,27,1,周二,否,187,否,否
2021-07-07,2021,3,7,七月,27,2,周三,否,188,否,否
2021-07-08,2021,3,7,七月,27,3,周四,否,189,否,否
2021-07-09,2021,3,7,七月,27,4,周五,否,190,否,否
2021-07-10,2021,3,7,七月,27,5,周六,是,191,否,否
2021-07-11,2021,3,7,七月,27,6,周日,是,192,否,否
2021-07-12,2021,3,7,七月,28,0,周一,否,193,否,否
2021-07-13,2021,3,7,七月,28,1,周二,否,194,否,否
2021-07-14,2021,3,7,七月,28,2,周三,否,195,否,否
2021-07-15,2021,3,7,七月,28,3,周四,否,196,否,否
2021-07-16,2021,3,7,七月,28,4,周五,否,197,否,否
2021-07-17,2021,3,7,七月,28,5,周六,是,198,否,否
2021-07-18,2021,3,7,七月,28,6,周日,是,199,否,否
2021-07-19,2021,3,7,七月,29,0,周一,否,200,否,否
2021-07-20,2021,3,7,七月,29,1,周二,否,201,否,否
2021-07-21,2021,3,7,七月,29,2,周三,否,202,否,否
2021-07-22,2021,3,7,七月,29,3,周四,否,203,否,否
2021-07-23,2021,3,7,七月,29,4,周五,否,204,否,否
2021-07-24,2021,3,7,七月,29,5,周六,是,205,否,否
2021-07-25,2021,3,7,七月,29,6,周日,是,206,否,否
2021-07-26,2021,3,7,七月,30,0,周一,否,207,否,否
2021-07-27,2021,3,7,七月,30,1,周二,否,208,否,否
2021-07-28,2021,3,7,七月,30,2,周三,否,209,否,否
2021-07-29,2021,3,7,七月,30,3,周四,否,210,否,否
2021-07-30,2021,3,7,七月,30,4,周五,否,211,否,否
2021-07-31,2021,3,7,七月,30,5,周六,是,212,否,是
2021-08-01,2021,3,8,八月,30,6,周日,是,213,是,否
2021-08-02,2021,3,8,八月,31,0,周一,否,214,否,否
2021-08-03,2021,3,8,八月,31,1,周二,否,215,否,否
2021-08-04,2021,3,8,八月,31,2,周三,否,216,否,否
2021-08-05,2021,3,8,八月,31,3,周四,否,217,否,否
2021-08-06,2021,3,8,八月,31,4,周五,否,218,否,否
2021-08-07,2021,3,8,八月,31,5,周六,是,219,否,否
2021-08-08,2021,3,8,八月,31,6,周日,是,220,否,否
2021-08-09,2021,3,8,八月,32,0,周一,否,221,否,否
2021-08-10,2021,3,8,八月,32,1,周二,否,222,否,否
2021-08-11,2021,3,8,八月,32,2,周三,否,223,否,否
2021-08-12,2021,3,8,八月,32,3,周四,否,224,否,否
2021-08-13,2021,3,8,八月,32,4,周五,否,225,否,否
2021-08-14,2021,3,8,八月,32,5,周六,是,226,否,否
2021-08-15,2021,3,8,八月,32,6,周日,是,227,否,否
2021-08-16,2021,3,8,八月,33,0,周一,否,228,否,否
2021-08-17,2021,3,8,八月,33,1,周二,否,229,否,否
2021-08-18,2021,3,8,八月,33,2,周三,否,230,否,否
2021-08-19,2021,3,8,八月,33,3,周四,否,231,否,否
2021-08-20,2021,3,8,八月,33,4,周五,否,232,否,否
2021-08-21,2021,3,8,八月,33,5,周六,是,233,否,否
2021-08-22,2021,3,8,八月,33,6,周日,是,234,否,否
2021-08-23,2021,3,8,八月,34,0,周一,否,235,否,否
2021-08-24,2021,3,8,八月,34,1,周二,否,236,否,否
2021-08-25,2021,3,8,八月,34,2,周三,否,237,否,否
2021-08-26,2021,3,8,八月,34,3,周四,否,238,否,否
2021-08-27,2021,3,8,八月,34,4,周五,否,239,否,否
2021-08-28,2021,3,8,八月,34,5,周六,是,240,否,否
2021-08-29,2021,3,8,八月,34,6,周日,是,241,否,否
2021-08-30,2021,3,8,八月,35,0,周一,否,242,否,否
2021-08-31,2021,3,8,八月,35,1,周二,否,243,否,是
2021-09-01,2021,3,9,九月,35,2,周三,否,244,是,否
2021-09-02,2021,3,9,九月,35,3,周四,否,245,否,否
2021-09-03,2021,3,9,九月,35,4,周五,否,246,否,否
2021-09-04,2021,3,9,九月,35,5,周六,是,247,否,否
2021-09-05,2021,3,9,九月,35,6,周日,是,248,否,否
2021-09-06,2021,3,9,九月,36,0,周一,否,249,否,否
2021-09-07,2021,3,9,九月,36,1,周二,否,250,否,否
2021-09-08,2021,3,9,九月,36,2,周三,否,251,否,否
2021-09-09,2021,3,9,九月,36,3,周四,否,252,否,否
2021-09-10,2021,3,9,九月,36,4,周五,否,253,否,否
2021-09-11,2021,3,9,九月,36,5,周六,是,254,否,否
2021-09-12,2021,3,9,九月,36,6,周日,是,255,否,否
2021-09-13,2021,3,9,九月,37,0,周一,否,256,否,否
2021-09-14,2021,3,9,九月,37,1,周二,否,257,否,否
2021-09-15,2021,3,9,九月,37,2,周三,否,258,否,否
2021-09-16,2021,3,9,九月,37,3,周四,否,259,否,否
2021-09-17,2021,3,9,九月,37,4,周五,否,260,否,否
2021-09-18,2021,3,9,九月,37,5,周六,是,261,否,否
2021-09-19,2021,3,9,九月,37,6,周日,是,262,否,否
2021-09-20,2021,3,9,九月,38,0,周一,否,263,否,否
2021-09-21,2021,3,9,九月,38,1,周二,否,264,否,否
2021-09-22,2021,3,9,九月,38,2,周三,否,265,否,否
2021-09-23,2021,3,9,九月,38,3,周四,否,266,否,否
2021-09-24,2021,3,9,九月,38,4,周五,否,267,否,否
2021-09-25,2021,3,9,九月,38,5,周六,是,268,否,否
2021-09-26,2021,3,9,九月,38,6,周日,是,269,否,否
2021-09-27,2021,3,9,九月,39,0,周一,否,270,否,否
2021-09-28,2021,3,9,九月,39,1,周二,否,271,否,否
2021-09-29,2021,3,9,九月,39,2,周三,否,272,否,否
2021-09-30,2021,3,9,九月,39,3,周四,否,273,否,是
2021-10-01,2021,4,10,十月,39,4,周五,否,274,是,否
2021-10-02,2021,4,10,十月,39,5,周六,是,275,否,否
2021-10-03,2021,4,10,十月,39,6,周日,是,276,否,否
2021-10-04,2021,4,10,十月,40,0,周一,否,277,否,否
2021-10-05,2021,4,10,十月,40,1,周二,否,278,否,否
2021-10-06,2021,4,10,十月,40,2,周三,否,279,否,否
2021-10-07,2021,4,10,十月,40,3,周四,否,280,否,否
2021-10-08,2021,4,10,十月,40,4,周五,否,281,否,否
2021-10-09,2021,4,10,十月,40,5,周六,是,282,否,否
2021-10-10,2021,4,10,十月,40,6,周日,是,283,否,否
2021-10-11,2021,4,10,十月,41,0,周一,否,284,否,否
2021-10-12,2021,4,10,十月,41,1,周二,否,285,否,否
2021-10-13,2021,4,10,十月,41,2,周三,否,286,否,否
2021-10-14,2021,4,10,十月,41,3,周四,否,287,否,否
2021-10-15,2021,4,10,十月,41,4,周五,否,288,否,否
2021-10-16,2021,4,10,十月,41,5,周六,是,289,否,否
2021-10-17,2021,4,10,十月,41,6,周日,是,290,否,否
2021-10-18,2021,4,10,十月,42,0,周一,否,291,否,否
2021-10-19,2021,4,10,十月,42,1,周二,否,292,否,否
2021-10-20,2021,4,10,十月,42,2,周三,否,293,否,否
2021-10-21,2021,4,10,十月,42,3,周四,否,294,否,否
2021-10-22,2021,4,10,十月,42,4,周五,否,295,否,否
2021-10-23,2021,4,10,十月,42,5,周六,是,296,否,否
2021-10-24,2021,4,10,十月,42,6,周日,是,297,否,否
2021-10-25,2021,4,10,十月,43,0,周一,否,298,否,否
2021-10-26,2021,4,10,十月,43,1,周二,否,299,否,否
2021-10-27,2021,4,10,十月,43,2,周三,否,300,否,否
2021-10-28,2021,4,10,十月,43,3,周四,否,301,否,否
2021-10-29,2021,4,10,十月,43,4,周五,否,302,否,否
2021-10-30,2021,4,10,十月,43,5,周六,是,303,否,否
2021-10-31,2021,4,10,十月,43,6,周日,是,304,否,是
2021-11-01,2021,4,11,十一月,44,0,周一,否,305,是,否
2021-11-02,2021,4,11,十一月,44,1,周二,否,306,否,否
2021-11-03,2021,4,11,十一月,44,2,周三,否,307,否,否
2021-11-04,2021,4,11,十一月,44,3,周四,否,308,否,否
2021-11-05,2021,4,11,十一月,44,4,周五,否,309,否,否
2021-11-06,2021,4,11,十一月,44,5,周六,是,310,否,否
2021-11-07,2021,4,11,十一月,44,6,周日,是,311,否,否
2021-11-08,2021,4,11,十一月,45,0,周一,否,312,否,否
2021-11-09,2021,4,11,十一月,45,1,周二,否,313,否,否
2021-11-10,2021,4,11,十一月,45,2,周三,否,314,否,否
2021-11-11,2021,4,11,十一月,45,3,周四,否,315,否,否
2021-11-12,2021,4,11,十一月,45,4,周五,否,316,否,否
2021-11-13,2021,4,11,十一月,45,5,周六,是,317,否,否
2021-11-14,2021,4,11,十一月,45,6,周日,是,318,否,否
2021-11-15,2021,4,11,十一月,46,0,周一,否,319,否,否
2021-11-16,2021,4,11,十一月,46,1,周二,否,320,否,否
2021-11-17,2021,4,11,十一月,46,2,周三,否,321,否,否
2021-11-18,2021,4,11,十一月,46,3,周四,否,322,否,否
2021-11-19,2021,4,11,十一月,46,4,周五,否,323,否,否
2021-11-20,2021,4,11,十一月,46,5,周六,是,324,否,否
2021-11-21,2021,4,11,十一月,46,6,周日,是,325,否,否
2021-11-22,2021,4,11,十一月,47,0,周一,否,326,否,否
2021-11-23,2021,4,11,十一月,47,1,周二,否,327,否,否
2021-11-24,2021,4,11,十一月,47,2,周三,否,328,否,否
2021-11-25,2021,4,11,十一月,47,3,周四,否,329,否,否
2021-11-26,2021,4,11,十一月,47,4,周五,否,330,否,否
2021-11-27,2021,4,11,十一月,47,5,周六,是,331,否,否
2021-11-28,2021,4,11,十一月,47,6,周日,是,332,否,否
2021-11-29,2021,4,11,十一月,48,0,周一,否,333,否,否
2021-11-30,2021,4,11,十一月,48,1,周二,否,334,否,是
2021-12-01,2021,4,12,十二月,48,2,周三,否,335,是,否
2021-12-02,2021,4,12,十二月,48,3,周四,否,336,否,否
2021-12-03,2021,4,12,十二月,48,4,周五,否,337,否,否
2021-12-04,2021,4,12,十二月,48,5,周六,是,338,否,否
2021-12-05,2021,4,12,十二月,48,6,周日,是,339,否,否
2021-12-06,2021,4,12,十二月,49,0,周一,否,340,否,否
2021-12-07,2021,4,12,十二月,49,1,周二,否,341,否,否
2021-12-08,2021,4,12,十二月,49,2,周三,否,342,否,否
2021-12-09,2021,4,12,十二月,49,3,周四,否,343,否,否
2021-12-10,2021,4,12,十二月,49,4,周五,否,344,否,否
2021-12-11,2021,4,12,十二月,49,5,周六,是,345,否,否
2021-12-12,2021,4,12,十二月,49,6,周日,是,346,否,否
2021-12-13,2021,4,12,十二月,50,0,周一,否,347,否,否
2021-12-14,2021,4,12,十二月,50,1,周二,否,348,否,否
2021-12-15,2021,4,12,十二月,50,2,周三,否,349,否,否
2021-12-16,2021,4,12,十二月,50,3,周四,否,350,否,否
2021-12-17,2021,4,12,十二月,50,4,周五,否,351,否,否
2021-12-18,2021,4,12,十二月,50,5,周六,是,352,否,否
2021-12-19,2021,4,12,十二月,50,6,周日,是,353,否,否
2021-12-20,2021,4,12,十二月,51,0,周一,否,354,否,否
2021-12-21,2021,4,12,十二月,51,1,周二,否,355,否,否
2021-12-22,2021,4,12,十二月,51,2,周三,否,356,否,否
2021-12-23,2021,4,12,十二月,51,3,周四,否,357,否,否
2021-12-24,2021,4,12,十二月,51,4,周五,否,358,否,否
2021-12-25,2021,4,12,十二月,51,5,周六,是,359,否,否
2021-12-26,2021,4,12,十二月,51,6,周日,是,360,否,否
2021-12-27,2021,4,12,十二月,52,0,周一,否,361,否,否
2021-12-28,2021,4,12,十二月,52,1,周二,否,362,否,否
2021-12-29,2021,4,12,十二月,52,2,周三,否,363,否,否
2021-12-30,2021,4,12,十二月,52,3,周四,否,364,否,否
2021-12-31,2021,4,12,十二月,52,4,周五,否,365,否,是
2022-01-01,2022,1,1,一月,52,5,周六,是,1,是,否
2022-01-02,2022,1,1,一月,52,6,周日,是,2,否,否
2022-01-03,2022,1,1,一月,1,0,周一,否,3,否,否
2022-01-04,2022,1,1,一月,1,1,周二,否,4,否,否
2022-01-05,2022,1,1,一月,1,2,周三,否,5,否,否
2022-01-06,2022,1,1,一月,1,3,周四,否,6,否,否
2022-01-07,2022,1,1,一月,1,4,周五,否,7,否,否
2022-01-08,2022,1,1,一月,1,5,周六,是,8,否,否
2022-01-09,2022,1,1,一月,1,6,周日,是,9,否,否
2022-01-10,2022,1,1,一月,2,0,周一,否,10,否,否
2022-01-11,2022,1,1,一月,2,1,周二,否,11,否,否
2022-01-12,2022,1,1,一月,2,2,周三,否,12,否,否
2022-01-13,2022,1,1,一月,2,3,周四,否,13,否,否
2022-01-14,2022,1,1,一月,2,4,周五,否,14,否,否
2022-01-15,2022,1,1,一月,2,5,周六,是,15,否,否
2022-01-16,2022,1,1,一月,2,6,周日,是,16,否,否
2022-01-17,2022,1,1,一月,3,0,周一,否,17,否,否
2022-01-18,2022,1,1,一月,3,1,周二,否,18,否,否
2022-01-19,2022,1,1,一月,3,2,周三,否,19,否,否
2022-01-20,2022,1,1,一月,3,3,周四,否,20,否,否
2022-01-21,2022,1,1,一月,3,4,周五,否,21,否,否
2022-01-22,2022,1,1,一月,3,5,周六,是,22,否,否
2022-01-23,2022,1,1,一月,3,6,周日,是,23,否,否
2022-01-24,2022,1,1,一月,4,0,周一,否,24,否,否
2022-01-25,2022,1,1,一月,4,1,周二,否,25,否,否
2022-01-26,2022,1,1,一月,4,2,周三,否,26,否,否
2022-01-27,2022,1,1,一月,4,3,周四,否,27,否,否
2022-01-28,2022,1,1,一月,4,4,周五,否,28,否,否
2022-01-29,2022,1,1,一月,4,5,周六,是,29,否,否
2022-01-30,2022,1,1,一月,4,6,周日,是,30,否,否
2022-01-31,2022,1,1,一月,5,0,周一,否,31,否,是
2022-02-01,2022,1,2,二月,5,1,周二,否,32,是,否
2022-02-02,2022,1,2,二月,5,2,周三,否,33,否,否
2022-02-03,2022,1,2,二月,5,3,周四,否,34,否,否
2022-02-04,2022,1,2,二月,5,4,周五,否,35,否,否
2022-02-05,2022,1,2,二月,5,5,周六,是,36,否,否
2022-02-06,2022,1,2,二月,5,6,周日,是,37,否,否
2022-02-07,2022,1,2,二月,6,0,周一,否,38,否,否
2022-02-08,2022,1,2,二月,6,1,周二,否,39,否,否
2022-02-09,2022,1,2,二月,6,2,周三,否,40,否,否
2022-02-10,2022,1,2,二月,6,3,周四,否,41,否,否
2022-02-11,2022,1,2,二月,6,4,周五,否,42,否,否
2022-02-12,2022,1,2,二月,6,5,周六,是,43,否,否
2022-02-13,2022,1,2,二月,6,6,周日,是,44,否,否
2022-02-14,2022,1,2,二月,7,0,周一,否,45,否,否
2022-02-15,2022,1,2,二月,7,1,周二,否,46,否,否
2022-02-16,2022,1,2,二月,7,2,周三,否,47,否,否
2022-02-17,2022,1,2,二月,7,3,周四,否,48,否,否
2022-02-18,2022,1,2,二月,7,4,周五,否,49,否,否
2022-02-19,2022,1,2,二月,7,5,周六,是,50,否,否
2022-02-20,2022,1,2,二月,7,6,周日,是,51,否,否
2022-02-21,2022,1,2,二月,8,0,周一,否,52,否,否
2022-02-22,2022,1,2,二月,8,1,周二,否,53,否,否
2022-02-23,2022,1,2,二月,8,2,周三,否,54,否,否
2022-02-24,2022,1,2,二月,8,3,周四,否,55,否,否
2022-02-25,2022,1,2,二月,8,4,周五,否,56,否,否
2022-02-26,2022,1,2,二月,8,5,周六,是,57,否,否
2022-02-27,2022,1,2,二月,8,6,周日,是,58,否,否
2022-02-28,2022,1,2,二月,9,0,周一,否,59,否,是
2022-03-01,2022,1,3,三月,9,1,周二,否,60,是,否
2022-03-02,2022,1,3,三月,9,2,周三,否,61,否,否
2022-03-03,2022,1,3,三月,9,3,周四,否,62,否,否
2022-03-04,2022,1,3,三月,9,4,周五,否,63,否,否
2022-03-05,2022,1,3,三月,9,5,周六,是,64,否,否
2022-03-06,2022,1,3,三月,9,6,周日,是,65,否,否
2022-03-07,2022,1,3,三月,10,0,周一,否,66,否,否
2022-03-08,2022,1,3,三月,10,1,周二,否,67,否,否
2022-03-09,2022,1,3,三月,10,2,周三,否,68,否,否
2022-03-10,2022,1,3,三月,10,3,周四,否,69,否,否
2022-03-11,2022,1,3,三月,10,4,周五,否,70,否,否
2022-03-12,2022,1,3,三月,10,5,周六,是,71,否,否
2022-03-13,2022,1,3,三月,10,6,周日,是,72,否,否
2022-03-14,2022,1,3,三月,11,0,周一,否,73,否,否
2022-03-15,2022,1,3,三月,11,1,周二,否,74,否,否
2022-03-16,2022,1,3,三月,11,2,周三,否,75,否,否
2022-03-17,2022,1,3,三月,11,3,周四,否,76,否,否
2022-03-18,2022,1,3,三月,11,4,周五,否,77,否,否
2022-03-19,2022,1,3,三月,11,5,周六,是,78,否,否
2022-03-20,2022,1,3,三月,11,6,周日,是,79,否,否
2022-03-21,2022,1,3,三月,12,0,周一,否,80,否,否
2022-03-22,2022,1,3,三月,12,1,周二,否,81,否,否
2022-03-23,2022,1,3,三月,12,2,周三,否,82,否,否
2022-03-24,2022,1,3,三月,12,3,周四,否,83,否,否
2022-03-25,2022,1,3,三月,12,4,周五,否,84,否,否
2022-03-26,2022,1,3,三月,12,5,周六,是,85,否,否
2022-03-27,2022,1,3,三月,12,6,周日,是,86,否,否
2022-03-28,2022,1,3,三月,13,0,周一,否,87,否,否
2022-03-29,2022,1,3,三月,13,1,周二,否,88,否,否
2022-03-30,2022,1,3,三月,13,2,周三,否,89,否,否
2022-03-31,2022,1,3,三月,13,3,周四,否,90,否,是
2022-04-01,2022,2,4,四月,13,4,周五,否,91,是,否
2022-04-02,2022,2,4,四月,13,5,周六,是,92,否,否
2022-04-03,2022,2,4,四月,13,6,周日,是,93,否,否
2022-04-04,2022,2,4,四月,14,0,周一,否,94,否,否
2022-04-05,2022,2,4,四月,14,1,周二,否,95,否,否
2022-04-06,2022,2,4,四月,14,2,周三,否,96,否,否
2022-04-07,2022,2,4,四月,14,3,周四,否,97,否,否
2022-04-08,2022,2,4,四月,14,4,周五,否,98,否,否
2022-04-09,2022,2,4,四月,14,5,周六,是,99,否,否
2022-04-10,2022,2,4,四月,14,6,周日,是,100,否,否
2022-04-11,2022,2,4,四月,15,0,周一,否,101,否,否
2022-04-12,2022,2,4,四月,15,1,周二,否,102,否,否
2022-04-13,2022,2,4,四月,15,2,周三,否,103,否,否
2022-04-14,2022,2,4,四月,15,3,周四,否,104,否,否
2022-04-15,2022,2,4,四月,15,4,周五,否,105,否,否
2022-04-16,2022,2,4,四月,15,5,周六,是,106,否,否
2022-04-17,2022,2,4,四月,15,6,周日,是,107,否,否
2022-04-18,2022,2,4,四月,16,0,周一,否,108,否,否
2022-04-19,2022,2,4,四月,16,1,周二,否,109,否,否
2022-04-20,2022,2,4,四月,16,2,周三,否,110,否,否
2022-04-21,2022,2,4,四月,16,3,周四,否,111,否,否
2022-04-22,2022,2,4,四月,16,4,周五,否,112,否,否
2022-04-23,2022,2,4,四月,16,5,周六,是,113,否,否
2022-04-24,2022,2,4,四月,16,6,周日,是,114,否,否
2022-04-25,2022,2,4,四月,17,0,周一,否,115,否,否
2022-04-26,2022,2,4,四月,17,1,周二,否,116,否,否
2022-04-27,2022,2,4,四月,17,2,周三,否,117,否,否
2022-04-28,2022,2,4,四月,17,3,周四,否,118,否,否
2022-04-29,2022,2,4,四月,17,4,周五,否,119,否,否
2022-04-30,2022,2,4,四月,17,5,周六,是,120,否,是
2022-05-01,2022,2,5,五月,17,6,周日,是,121,是,否
2022-05-02,2022,2,5,五月,18,0,周一,否,122,否,否
2022-05-03,2022,2,5,五月,18,1,周二,否,123,否,否
2022-05-04,2022,2,5,五月,18,2,周三,否,124,否,否
2022-05-05,2022,2,5,五月,18,3,周四,否,125,否,否
2022-05-06,2022,2,5,五月,18,4,周五,否,126,否,否
2022-05-07,2022,2,5,五月,18,5,周六,是,127,否,否
2022-05-08,2022,2,5,五月,18,6,周日,是,128,否,否
2022-05-09,2022,2,5,五月,19,0,周一,否,129,否,否
2022-05-10,2022,2,5,五月,19,1,周二,否,130,否,否
2022-05-11,2022,2,5,五月,19,2,周三,否,131,否,否
2022-05-12,2022,2,5,五月,19,3,周四,否,132,否,否
2022-05-13,2022,2,5,五月,19,4,周五,否,133,否,否
2022-05-14,2022,2,5,五月,19,5,周六,是,134,否,否
2022-05-15,2022,2,5,五月,19,6,周日,是,135,否,否
2022-05-16,2022,2,5,五月,20,0,周一,否,136,否,否
2022-05-17,2022,2,5,五月,20,1,周二,否,137,否,否
2022-05-18,2022,2,5,五月,20,2,周三,否,138,否,否
2022-05-19,2022,2,5,五月,20,3,周四,否,139,否,否
2022-05-20,2022,2,5,五月,20,4,周五,否,140,否,否
2022-05-21,2022,2,5,五月,20,5,周六,是,141,否,否
2022-05-22,2022,2,5,五月,20,6,周日,是,142,否,否
2022-05-23,2022,2,5,五月,21,0,周一,否,143,否,否
2022-05-24,2022,2,5,五月,21,1,周二,否,144,否,否
2022-05-25,2022,2,5,五月,21,2,周三,否,145,否,否
2022-05-26,2022,2,5,五月,21,3,周四,否,146,否,否
2022-05-27,2022,2,5,五月,21,4,周五,否,147,否,否
2022-05-28,2022,2,5,五月,21,5,周六,是,148,否,否
2022-05-29,2022,2,5,五月,21,6,周日,是,149,否,否
2022-05-30,2022,2,5,五月,22,0,周一,否,150,否,否
2022-05-31,2022,2,5,五月,22,1,周二,否,151,否,是
2022-06-01,2022,2,6,六月,22,2,周三,否,152,是,否
2022-06-02,2022,2,6,六月,22,3,周四,否,153,否,否
2022-06-03,2022,2,6,六月,22,4,周五,否,154,否,否
2022-06-04,2022,2,6,六月,22,5,周六,是,155,否,否
2022-06-05,2022,2,6,六月,22,6,周日,是,156,否,否
2022-06-06,2022,2,6,六月,23,0,周一,否,157,否,否
2022-06-07,2022,2,6,六月,23,1,周二,否,158,否,否
2022-06-08,2022,2,6,六月,23,2,周三,否,159,否,否
2022-06-09,2022,2,6,六月,23,3,周四,否,160,否,否
2022-06-10,2022,2,6,六月,23,4,周五,否,161,否,否
2022-06-11,2022,2,6,六月,23,5,周六,是,162,否,否
2022-06-12,2022,2,6,六月,23,6,周日,是,163,否,否
2022-06-13,2022,2,6,六月,24,0,周一,否,164,否,否
2022-06-14,2022,2,6,六月,24,1,周二,否,165,否,否
2022-06-15,2022,2,6,六月,24,2,周三,否,166,否,否
2022-06-16,2022,2,6,六月,24,3,周四,否,167,否,否
2022-06-17,2022,2,6,六月,24,4,周五,否,168,否,否
2022-06-18,2022,2,6,六月,24,5,周六,是,169,否,否
2022-06-19,2022,2,6,六月,24,6,周日,是,170,否,否
2022-06-20,2022,2,6,六月,25,0,周一,否,171,否,否
2022-06-21,2022,2,6,六月,25,1,周二,否,172,否,否
2022-06-22,2022,2,6,六月,25,2,周三,否,173,否,否
2022-06-23,2022,2,6,六月,25,3,周四,否,174,否,否
2022-06-24,2022,2,6,六月,25,4,周五,否,175,否,否
2022-06-25,2022,2,6,六月,25,5,周六,是,176,否,否
2022-06-26,2022,2,6,六月,25,6,周日,是,177,否,否
2022-06-27,2022,2,6,六月,26,0,周一,否,178,否,否
2022-06-28,2022,2,6,六月,26,1,周二,否,179,否,否
2022-06-29,2022,2,6,六月,26,2,周三,否,180,否,否
2022-06-30,2022,2,6,六月,26,3,周四,否,181,否,是
2022-07-01,2022,3,7,七月,26,4,周五,否,182,是,否
2022-07-02,2022,3,7,七月,26,5,周六,是,183,否,否
2022-07-03,2022,3,7,七月,26,6,周日,是,184,否,否
2022-07-04,2022,3,7,七月,27,0,周一,否,185,否,否
2022-07-05,2022,3,7,七月,27,1,周二,否,186,否,否
2022-07-06,2022,3,7,七月,27,2,周三,否,187,否,否
2022-07-07,2022,3,7,七月,27,3,周四,否,188,否,否
2022-07-08,2022,3,7,七月,27,4,周五,否,189,否,否
2022-07-09,2022,3,7,七月,27,5,周六,是,190,否,否
2022-07-10,2022,3,7,七月,27,6,周日,是,191,否,否
2022-07-11,2022,3,7,七月,28,0,周一,否,192,否,否
2022-07-12,2022,3,7,七月,28,1,周二,否,193,否,否
2022-07-13,2022,3,7,七月,28,2,周三,否,194,否,否
2022-07-14,2022,3,7,七月,28,3,周四,否,195,否,否
2022-07-15,2022,3,7,七月,28,4,周五,否,196,否,否
2022-07-16,2022,3,7,七月,28,5,周六,是,197,否,否
2022-07-17,2022,3,7,七月,28,6,周日,是,198,否,否
2022-07-18,2022,3,7,七月,29,0,周一,否,199,否,否
2022-07-19,2022,3,7,七月,29,1,周二,否,200,否,否
2022-07-20,2022,3,7,七月,29,2,周三,否,201,否,否
2022-07-21,2022,3,7,七月,29,3,周四,否,202,否,否
2022-07-22,2022,3,7,七月,29,4,周五,否,203,否,否
2022-07-23,2022,3,7,七月,29,5,周六,是,204,否,否
2022-07-24,2022,3,7,七月,29,6,周日,是,205,否,否
2022-07-25,2022,3,7,七月,30,0,周一,否,206,否,否
2022-07-26,2022,3,7,七月,30,1,周二,否,207,否,否
2022-07-27,2022,3,7,七月,30,2,周三,否,208,否,否
2022-07-28,2022,3,7,七月,30,3,周四,否,209,否,否
2022-07-29,2022,3,7,七月,30,4,周五,否,210,否,否
2022-07-30,2022,3,7,七月,30,5,周六,是,211,否,否
2022-07-31,2022,3,7,七月,30,6,周日,是,212,否,是
2022-08-01,2022,3,8,八月,31,0,周一,否,213,是,否
2022-08-02,2022,3,8,八月,31,1,周二,否,214,否,否
2022-08-03,2022,3,8,八月,31,2,周三,否,215,否,否
2022-08-04,2022,3,8,八月,31,3,周四,否,216,否,否
2022-08-05,2022,3,8,八月,31,4,周五,否,217,否,否
2022-08-06,2022,3,8,八月,31,5,周六,是,218,否,否
2022-08-07,2022,3,8,八月,31,6,周日,是,219,否,否
2022-08-08,2022,3,8,八月,32,0,周一,否,220,否,否
2022-08-09,2022,3,8,八月,32,1,周二,否,221,否,否
2022-08-10,2022,3,8,八月,32,2,周三,否,222,否,否
2022-08-11,2022,3,8,八月,32,3,周四,否,223,否,否
2022-08-12,2022,3,8,八月,32,4,周五,否,224,否,否
2022-08-13,2022,3,8,八月,32,5,周六,是,225,否,否
2022-08-14,2022,3,8,八月,32,6,周日,是,226,否,否
2022-08-15,2022,3,8,八月,33,0,周一,否,227,否,否
2022-08-16,2022,3,8,八月,33,1,周二,否,228,否,否
2022-08-17,2022,3,8,八月,33,2,周三,否,229,否,否
2022-08-18,2022,3,8,八月,33,3,周四,否,230,否,否
2022-08-19,2022,3,8,八月,33,4,周五,否,231,否,否
2022-08-20,2022,3,8,八月,33,5,周六,是,232,否,否
2022-08-21,2022,3,8,八月,33,6,周日,是,233,否,否
2022-08-22,2022,3,8,八月,34,0,周一,否,234,否,否
2022-08-23,2022,3,8,八月,34,1,周二,否,235,否,否
2022-08-24,2022,3,8,八月,34,2,周三,否,236,否,否
2022-08-25,2022,3,8,八月,34,3,周四,否,237,否,否
2022-08-26,2022,3,8,八月,34,4,周五,否,238,否,否
2022-08-27,2022,3,8,八月,34,5,周六,是,239,否,否
2022-08-28,2022,3,8,八月,34,6,周日,是,240,否,否
2022-08-29,2022,3,8,八月,35,0,周一,否,241,否,否
2022-08-30,2022,3,8,八月,35,1,周二,否,242,否,否
2022-08-31,2022,3,8,八月,35,2,周三,否,243,否,是
2022-11-04,2022,4,11,十一月,44,4,周五,否,308,否,否
2022-11-05,2022,4,11,十一月,44,5,周六,是,309,否,否
2022-11-06,2022,4,11,十一月,44,6,周日,是,310,否,否
2022-11-07,2022,4,11,十一月,45,0,周一,否,311,否,否
2022-11-08,2022,4,11,十一月,45,1,周二,否,312,否,否
2022-11-09,2022,4,11,十一月,45,2,周三,否,313,否,否
2022-11-10,2022,4,11,十一月,45,3,周四,否,314,否,否
2022-11-11,2022,4,11,十一月,45,4,周五,否,315,否,否
2022-11-12,2022,4,11,十一月,45,5,周六,是,316,否,否
2022-11-13,2022,4,11,十一月,45,6,周日,是,317,否,否
2022-11-14,2022,4,11,十一月,46,0,周一,否,318,否,否
2022-11-17,2022,4,11,十一月,46,3,周四,否,321,否,否
2022-11-18,2022,4,11,十一月,46,4,周五,否,322,否,否
2022-11-19,2022,4,11,十一月,46,5,周六,是,323,否,否
2022-11-20,2022,4,11,十一月,46,6,周日,是,324,否,否
2022-11-21,2022,4,11,十一月,47,0,周一,否,325,否,否
2022-11-22,2022,4,11,十一月,47,1,周二,否,326,否,否
2022-11-23,2022,4,11,十一月,47,2,周三,否,327,否,否
2022-11-24,2022,4,11,十一月,47,3,周四,否,328,否,否
2022-11-25,2022,4,11,十一月,47,4,周五,否,329,否,否
2022-11-26,2022,4,11,十一月,47,5,周六,是,330,否,否
2022-11-27,2022,4,11,十一月,47,6,周日,是,331,否,否
2022-11-28,2022,4,11,十一月,48,0,周一,否,332,否,否
2022-11-29,2022,4,11,十一月,48,1,周二,否,333,否,否
2022-11-30,2022,4,11,十一月,48,2,周三,否,334,否,是
2022-12-01,2022,4,12,十二月,48,3,周四,否,335,是,否
2022-12-02,2022,4,12,十二月,48,4,周五,否,336,否,否
2022-12-03,2022,4,12,十二月,48,5,周六,是,337,否,否
2022-12-04,2022,4,12,十二月,48,6,周日,是,338,否,否
2022-12-05,2022,4,12,十二月,49,0,周一,否,339,否,否
2022-12-06,2022,4,12,十二月,49,1,周二,否,340,否,否
2022-12-07,2022,4,12,十二月,49,2,周三,否,341,否,否
2022-12-08,2022,4,12,十二月,49,3,周四,否,342,否,否
2022-12-09,2022,4,12,十二月,49,4,周五,否,343,否,否
2022-12-10,2022,4,12,十二月,49,5,周六,是,344,否,否
2022-12-11,2022,4,12,十二月,49,6,周日,是,345,否,否
2022-12-12,2022,4,12,十二月,50,0,周一,否,346,否,否
2022-12-13,2022,4,12,十二月,50,1,周二,否,347,否,否
2022-12-14,2022,4,12,十二月,50,2,周三,否,348,否,否
2022-12-15,2022,4,12,十二月,50,3,周四,否,349,否,否
2022-12-16,2022,4,12,十二月,50,4,周五,否,350,否,否
2022-12-17,2022,4,12,十二月,50,5,周六,是,351,否,否
2022-12-18,2022,4,12,十二月,50,6,周日,是,352,否,否
2022-12-19,2022,4,12,十二月,51,0,周一,否,353,否,否
2022-12-20,2022,4,12,十二月,51,1,周二,否,354,否,否
2022-12-21,2022,4,12,十二月,51,2,周三,否,355,否,否
2022-12-22,2022,4,12,十二月,51,3,周四,否,356,否,否
2022-12-23,2022,4,12,十二月,51,4,周五,否,357,否,否
2022-12-24,2022,4,12,十二月,51,5,周六,是,358,否,否
2022-12-25,2022,4,12,十二月,51,6,周日,是,359,否,否
2022-12-26,2022,4,12,十二月,52,0,周一,否,360,否,否
2022-12-27,2022,4,12,十二月,52,1,周二,否,361,否,否
2022-12-28,2022,4,12,十二月,52,2,周三,否,362,否,否
2022-12-29,2022,4,12,十二月,52,3,周四,否,363,否,否
2022-12-30,2022,4,12,十二月,52,4,周五,否,364,否,否
2022-12-31,2022,4,12,十二月,52,5,周六,是,365,否,是
2023-01-01,2023,1,1,一月,52,6,周日,是,1,是,否
2023-01-02,2023,1,1,一月,1,0,周一,否,2,否,否
2023-01-03,2023,1,1,一月,1,1,周二,否,3,否,否
2023-01-04,2023,1,1,一月,1,2,周三,否,4,否,否
2023-01-05,2023,1,1,一月,1,3,周四,否,5,否,否
2023-01-06,2023,1,1,一月,1,4,周五,否,6,否,否
2023-01-07,2023,1,1,一月,1,5,周六,是,7,否,否
2023-01-08,2023,1,1,一月,1,6,周日,是,8,否,否
2023-01-09,2023,1,1,一月,2,0,周一,否,9,否,否
2023-01-10,2023,1,1,一月,2,1,周二,否,10,否,否
2023-01-11,2023,1,1,一月,2,2,周三,否,11,否,否
2023-01-12,2023,1,1,一月,2,3,周四,否,12,否,否
2023-01-13,2023,1,1,一月,2,4,周五,否,13,否,否
2023-01-14,2023,1,1,一月,2,5,周六,是,14,否,否
2023-01-15,2023,1,1,一月,2,6,周日,是,15,否,否
2023-01-16,2023,1,1,一月,3,0,周一,否,16,否,否
2023-01-17,2023,1,1,一月,3,1,周二,否,17,否,否
2023-01-18,2023,1,1,一月,3,2,周三,否,18,否,否
2023-01-19,2023,1,1,一月,3,3,周四,否,19,否,否
2023-01-20,2023,1,1,一月,3,4,周五,否,20,否,否
2023-01-21,2023,1,1,一月,3,5,周六,是,21,否,否
2023-01-22,2023,1,1,一月,3,6,周日,是,22,否,否
2023-01-23,2023,1,1,一月,4,0,周一,否,23,否,否
2023-01-24,2023,1,1,一月,4,1,周二,否,24,否,否
2023-01-25,2023,1,1,一月,4,2,周三,否,25,否,否
2023-01-26,2023,1,1,一月,4,3,周四,否,26,否,否
2023-01-27,2023,1,1,一月,4,4,周五,否,27,否,否
2023-01-28,2023,1,1,一月,4,5,周六,是,28,否,否
2023-01-29,2023,1,1,一月,4,6,周日,是,29,否,否
2023-01-30,2023,1,1,一月,5,0,周一,否,30,否,否
2023-01-31,2023,1,1,一月,5,1,周二,否,31,否,是
2023-02-01,2023,1,2,二月,5,2,周三,否,32,是,否
2023-02-02,2023,1,2,二月,5,3,周四,否,33,否,否
2023-02-03,2023,1,2,二月,5,4,周五,否,34,否,否
2023-02-04,2023,1,2,二月,5,5,周六,是,35,否,否
2023-02-05,2023,1,2,二月,5,6,周日,是,36,否,否
2023-02-06,2023,1,2,二月,6,0,周一,否,37,否,否
2023-02-07,2023,1,2,二月,6,1,周二,否,38,否,否
2023-02-08,2023,1,2,二月,6,2,周三,否,39,否,否
2023-02-09,2023,1,2,二月,6,3,周四,否,40,否,否
2023-02-10,2023,1,2,二月,6,4,周五,否,41,否,否
2023-02-11,2023,1,2,二月,6,5,周六,是,42,否,否
2023-02-12,2023,1,2,二月,6,6,周日,是,43,否,否
2023-02-13,2023,1,2,二月,7,0,周一,否,44,否,否
2023-02-14,2023,1,2,二月,7,1,周二,否,45,否,否
2023-02-15,2023,1,2,二月,7,2,周三,否,46,否,否
2023-02-16,2023,1,2,二月,7,3,周四,否,47,否,否
2023-02-17,2023,1,2,二月,7,4,周五,否,48,否,否
2023-02-18,2023,1,2,二月,7,5,周六,是,49,否,否
2023-02-19,2023,1,2,二月,7,6,周日,是,50,否,否
2023-02-20,2023,1,2,二月,8,0,周一,否,51,否,否
2023-02-21,2023,1,2,二月,8,1,周二,否,52,否,否
2023-02-22,2023,1,2,二月,8,2,周三,否,53,否,否
2023-02-23,2023,1,2,二月,8,3,周四,否,54,否,否
2023-02-24,2023,1,2,二月,8,4,周五,否,55,否,否
2023-02-25,2023,1,2,二月,8,5,周六,是,56,否,否
2023-02-26,2023,1,2,二月,8,6,周日,是,57,否,否
2023-02-27,2023,1,2,二月,9,0,周一,否,58,否,否
2023-02-28,2023,1,2,二月,9,1,周二,否,59,否,是
2023-03-01,2023,1,3,三月,9,2,周三,否,60,是,否
2023-03-02,2023,1,3,三月,9,3,周四,否,61,否,否
2023-03-03,2023,1,3,三月,9,4,周五,否,62,否,否
2023-03-04,2023,1,3,三月,9,5,周六,是,63,否,否
2023-03-05,2023,1,3,三月,9,6,周日,是,64,否,否
2023-03-06,2023,1,3,三月,10,0,周一,否,65,否,否
2023-03-07,2023,1,3,三月,10,1,周二,否,66,否,否
2023-03-08,2023,1,3,三月,10,2,周三,否,67,否,否
2023-03-09,2023,1,3,三月,10,3,周四,否,68,否,否
2023-03-10,2023,1,3,三月,10,4,周五,否,69,否,否
2023-03-11,2023,1,3,三月,10,5,周六,是,70,否,否
2023-03-12,2023,1,3,三月,10,6,周日,是,71,否,否
2023-03-13,2023,1,3,三月,11,0,周一,否,72,否,否
2023-03-14,2023,1,3,三月,11,1,周二,否,73,否,否
2023-03-15,2023,1,3,三月,11,2,周三,否,74,否,否
2023-03-16,2023,1,3,三月,11,3,周四,否,75,否,否
2023-03-17,2023,1,3,三月,11,4,周五,否,76,否,否
2023-03-18,2023,1,3,三月,11,5,周六,是,77,否,否
2023-03-19,2023,1,3,三月,11,6,周日,是,78,否,否
2023-03-20,2023,1,3,三月,12,0,周一,否,79,否,否
2023-03-21,2023,1,3,三月,12,1,周二,否,80,否,否
2023-03-22,2023,1,3,三月,12,2,周三,否,81,否,否
2023-03-23,2023,1,3,三月,12,3,周四,否,82,否,否
2023-03-24,2023,1,3,三月,12,4,周五,否,83,否,否
2023-03-25,2023,1,3,三月,12,5,周六,是,84,否,否
2023-03-26,2023,1,3,三月,12,6,周日,是,85,否,否
2023-03-27,2023,1,3,三月,13,0,周一,否,86,否,否
2023-03-28,2023,1,3,三月,13,1,周二,否,87,否,否
2023-03-29,2023,1,3,三月,13,2,周三,否,88,否,否
2023-03-30,2023,1,3,三月,13,3,周四,否,89,否,否
2023-03-31,2023,1,3,三月,13,4,周五,否,90,否,是
2023-04-01,2023,2,4,四月,13,5,周六,是,91,是,否
2023-04-02,2023,2,4,四月,13,6,周日,是,92,否,否
2023-04-03,2023,2,4,四月,14,0,周一,否,93,否,否
2023-04-04,2023,2,4,四月,14,1,周二,否,94,否,否
2023-04-05,2023,2,4,四月,14,2,周三,否,95,否,否
2023-04-06,2023,2,4,四月,14,3,周四,否,96,否,否
2023-04-07,2023,2,4,四月,14,4,周五,否,97,否,否
2023-04-08,2023,2,4,四月,14,5,周六,是,98,否,否
2023-04-09,2023,2,4,四月,14,6,周日,是,99,否,否
2023-04-10,2023,2,4,四月,15,0,周一,否,100,否,否
2023-04-11,2023,2,4,四月,15,1,周二,否,101,否,否
2023-04-12,2023,2,4,四月,15,2,周三,否,102,否,否
2023-04-13,2023,2,4,四月,15,3,周四,否,103,否,否
2023-04-14,2023,2,4,四月,15,4,周五,否,104,否,否
2023-04-15,2023,2,4,四月,15,5,周六,是,105,否,否
2023-04-16,2023,2,4,四月,15,6,周日,是,106,否,否
2023-04-17,2023,2,4,四月,16,0,周一,否,107,否,否
2023-04-18,2023,2,4,四月,16,1,周二,否,108,否,否
2023-04-19,2023,2,4,四月,16,2,周三,否,109,否,否
2023-04-20,2023,2,4,四月,16,3,周四,否,110,否,否
2023-04-21,2023,2,4,四月,16,4,周五,否,111,否,否
2023-04-22,2023,2,4,四月,16,5,周六,是,112,否,否
2023-04-23,2023,2,4,四月,16,6,周日,是,113,否,否
2023-04-24,2023,2,4,四月,17,0,周一,否,114,否,否
2023-04-25,2023,2,4,四月,17,1,周二,否,115,否,否
2023-04-26,2023,2,4,四月,17,2,周三,否,116,否,否
2023-04-27,2023,2,4,四月,17,3,周四,否,117,否,否
2023-04-28,2023,2,4,四月,17,4,周五,否,118,否,否
2023-04-29,2023,2,4,四月,17,5,周六,是,119,否,否
2023-04-30,2023,2,4,四月,17,6,周日,是,120,否,是
2023-05-01,2023,2,5,五月,18,0,周一,否,121,是,否
2023-05-02,2023,2,5,五月,18,1,周二,否,122,否,否
2023-05-03,2023,2,5,五月,18,2,周三,否,123,否,否
2023-05-04,2023,2,5,五月,18,3,周四,否,124,否,否
2023-05-05,2023,2,5,五月,18,4,周五,否,125,否,否
2023-05-06,2023,2,5,五月,18,5,周六,是,126,否,否
2023-05-07,2023,2,5,五月,18,6,周日,是,127,否,否
2023-05-08,2023,2,5,五月,19,0,周一,否,128,否,否
2023-05-09,2023,2,5,五月,19,1,周二,否,129,否,否
2023-05-10,2023,2,5,五月,19,2,周三,否,130,否,否
2023-05-11,2023,2,5,五月,19,3,周四,否,131,否,否
2023-05-12,2023,2,5,五月,19,4,周五,否,132,否,否
2023-05-13,2023,2,5,五月,19,5,周六,是,133,否,否
2023-05-14,2023,2,5,五月,19,6,周日,是,134,否,否
2023-05-15,2023,2,5,五月,20,0,周一,否,135,否,否
2023-05-16,2023,2,5,五月,20,1,周二,否,136,否,否
2023-05-17,2023,2,5,五月,20,2,周三,否,137,否,否
2023-05-18,2023,2,5,五月,20,3,周四,否,138,否,否
2023-05-19,2023,2,5,五月,20,4,周五,否,139,否,否
2023-05-20,2023,2,5,五月,20,5,周六,是,140,否,否
2023-05-21,2023,2,5,五月,20,6,周日,是,141,否,否
2023-05-22,2023,2,5,五月,21,0,周一,否,142,否,否
2023-05-23,2023,2,5,五月,21,1,周二,否,143,否,否
2023-05-24,2023,2,5,五月,21,2,周三,否,144,否,否
2023-05-25,2023,2,5,五月,21,3,周四,否,145,否,否
2023-05-26,2023,2,5,五月,21,4,周五,否,146,否,否
2023-05-27,2023,2,5,五月,21,5,周六,是,147,否,否
2023-05-28,2023,2,5,五月,21,6,周日,是,148,否,否
2023-05-29,2023,2,5,五月,22,0,周一,否,149,否,否
2023-05-30,2023,2,5,五月,22,1,周二,否,150,否,否
2023-05-31,2023,2,5,五月,22,2,周三,否,151,否,是
2023-06-01,2023,2,6,六月,22,3,周四,否,152,是,否
2023-06-02,2023,2,6,六月,22,4,周五,否,153,否,否
2023-06-03,2023,2,6,六月,22,5,周六,是,154,否,否
2023-06-04,2023,2,6,六月,22,6,周日,是,155,否,否
2023-06-05,2023,2,6,六月,23,0,周一,否,156,否,否
2023-06-06,2023,2,6,六月,23,1,周二,否,157,否,否
2023-06-07,2023,2,6,六月,23,2,周三,否,158,否,否
2023-06-08,2023,2,6,六月,23,3,周四,否,159,否,否
2023-06-09,2023,2,6,六月,23,4,周五,否,160,否,否
2023-06-10,2023,2,6,六月,23,5,周六,是,161,否,否
2023-06-11,2023,2,6,六月,23,6,周日,是,162,否,否
2023-06-12,2023,2,6,六月,24,0,周一,否,163,否,否
2023-06-13,2023,2,6,六月,24,1,周二,否,164,否,否
2023-06-14,2023,2,6,六月,24,2,周三,否,165,否,否
2023-06-15,2023,2,6,六月,24,3,周四,否,166,否,否
2023-06-16,2023,2,6,六月,24,4,周五,否,167,否,否
2023-06-17,2023,2,6,六月,24,5,周六,是,168,否,否
2023-06-18,2023,2,6,六月,24,6,周日,是,169,否,否
2023-06-19,2023,2,6,六月,25,0,周一,否,170,否,否
2023-06-20,2023,2,6,六月,25,1,周二,否,171,否,否
2023-06-21,2023,2,6,六月,25,2,周三,否,172,否,否
2023-06-22,2023,2,6,六月,25,3,周四,否,173,否,否
2023-06-23,2023,2,6,六月,25,4,周五,否,174,否,否
2023-06-24,2023,2,6,六月,25,5,周六,是,175,否,否
2023-06-25,2023,2,6,六月,25,6,周日,是,176,否,否
2023-06-26,2023,2,6,六月,26,0,周一,否,177,否,否
2023-06-27,2023,2,6,六月,26,1,周二,否,178,否,否
2023-06-28,2023,2,6,六月,26,2,周三,否,179,否,否
2023-06-29,2023,2,6,六月,26,3,周四,否,180,否,否
2023-06-30,2023,2,6,六月,26,4,周五,否,181,否,是
2023-07-01,2023,3,7,七月,26,5,周六,是,182,是,否
2023-07-02,2023,3,7,七月,26,6,周日,是,183,否,否
2023-07-03,2023,3,7,七月,27,0,周一,否,184,否,否
2023-07-04,2023,3,7,七月,27,1,周二,否,185,否,否
2023-07-05,2023,3,7,七月,27,2,周三,否,186,否,否
2023-07-06,2023,3,7,七月,27,3,周四,否,187,否,否
2023-07-07,2023,3,7,七月,27,4,周五,否,188,否,否
2023-07-08,2023,3,7,七月,27,5,周六,是,189,否,否
2023-07-09,2023,3,7,七月,27,6,周日,是,190,否,否
2023-07-10,2023,3,7,七月,28,0,周一,否,191,否,否
2023-07-11,2023,3,7,七月,28,1,周二,否,192,否,否
2023-07-12,2023,3,7,七月,28,2,周三,否,193,否,否
2023-07-13,2023,3,7,七月,28,3,周四,否,194,否,否
2023-07-14,2023,3,7,七月,28,4,周五,否,195,否,否
2023-07-15,2023,3,7,七月,28,5,周六,是,196,否,否
2023-07-16,2023,3,7,七月,28,6,周日,是,197,否,否
2023-07-17,2023,3,7,七月,29,0,周一,否,198,否,否
2023-07-18,2023,3,7,七月,29,1,周二,否,199,否,否
2023-07-19,2023,3,7,七月,29,2,周三,否,200,否,否
2023-07-20,2023,3,7,七月,29,3,周四,否,201,否,否
2023-07-21,2023,3,7,七月,29,4,周五,否,202,否,否
2023-07-22,2023,3,7,七月,29,5,周六,是,203,否,否
2023-07-23,2023,3,7,七月,29,6,周日,是,204,否,否
2023-07-24,2023,3,7,七月,30,0,周一,否,205,否,否
2023-07-25,2023,3,7,七月,30,1,周二,否,206,否,否
2023-07-26,2023,3,7,七月,30,2,周三,否,207,否,否
2023-07-27,2023,3,7,七月,30,3,周四,否,208,否,否
2023-07-28,2023,3,7,七月,30,4,周五,否,209,否,否
2023-07-29,2023,3,7,七月,30,5,周六,是,210,否,否
2023-07-30,2023,3,7,七月,30,6,周日,是,211,否,否
2023-07-31,2023,3,7,七月,31,0,周一,否,212,否,是
2023-08-01,2023,3,8,八月,31,1,周二,否,213,是,否
2023-08-02,2023,3,8,八月,31,2,周三,否,214,否,否
2023-08-03,2023,3,8,八月,31,3,周四,否,215,否,否
2023-08-04,2023,3,8,八月,31,4,周五,否,216,否,否
2023-08-05,2023,3,8,八月,31,5,周六,是,217,否,否
2023-08-06,2023,3,8,八月,31,6,周日,是,218,否,否
2023-08-07,2023,3,8,八月,32,0,周一,否,219,否,否
2023-08-08,2023,3,8,八月,32,1,周二,否,220,否,否
2023-08-09,2023,3,8,八月,32,2,周三,否,221,否,否
2023-08-10,2023,3,8,八月,32,3,周四,否,222,否,否
2023-08-11,2023,3,8,八月,32,4,周五,否,223,否,否
2023-08-12,2023,3,8,八月,32,5,周六,是,224,否,否
2023-08-13,2023,3,8,八月,32,6,周日,是,225,否,否
2023-08-14,2023,3,8,八月,33,0,周一,否,226,否,否
2023-08-15,2023,3,8,八月,33,1,周二,否,227,否,否
2023-08-16,2023,3,8,八月,33,2,周三,否,228,否,否
2023-08-17,2023,3,8,八月,33,3,周四,否,229,否,否
2023-08-18,2023,3,8,八月,33,4,周五,否,230,否,否
2023-08-19,2023,3,8,八月,33,5,周六,是,231,否,否
2023-08-20,2023,3,8,八月,33,6,周日,是,232,否,否
2023-08-21,2023,3,8,八月,34,0,周一,否,233,否,否
2023-08-22,2023,3,8,八月,34,1,周二,否,234,否,否
2023-08-23,2023,3,8,八月,34,2,周三,否,235,否,否
2023-08-24,2023,3,8,八月,34,3,周四,否,236,否,否
2023-08-25,2023,3,8,八月,34,4,周五,否,237,否,否
2023-08-26,2023,3,8,八月,34,5,周六,是,238,否,否
2023-08-27,2023,3,8,八月,34,6,周日,是,239,否,否
2023-08-28,2023,3,8,八月,35,0,周一,否,240,否,否
2023-08-29,2023,3,8,八月,35,1,周二,否,241,否,否
2023-08-30,2023,3,8,八月,35,2,周三,否,242,否,否
2023-08-31,2023,3,8,八月,35,3,周四,否,243,否,是
2023-09-01,2023,3,9,九月,35,4,周五,否,244,是,否
2023-09-02,2023,3,9,九月,35,5,周六,是,245,否,否
2023-09-03,2023,3,9,九月,35,6,周日,是,246,否,否
2023-09-04,2023,3,9,九月,36,0,周一,否,247,否,否
2023-09-05,2023,3,9,九月,36,1,周二,否,248,否,否
2023-09-06,2023,3,9,九月,36,2,周三,否,249,否,否
2023-09-07,2023,3,9,九月,36,3,周四,否,250,否,否
2023-09-08,2023,3,9,九月,36,4,周五,否,251,否,否
2023-09-09,2023,3,9,九月,36,5,周六,是,252,否,否
2023-09-10,2023,3,9,九月,36,6,周日,是,253,否,否
2023-09-11,2023,3,9,九月,37,0,周一,否,254,否,否
2023-09-12,2023,3,9,九月,37,1,周二,否,255,否,否
2023-09-13,2023,3,9,九月,37,2,周三,否,256,否,否
2023-09-14,2023,3,9,九月,37,3,周四,否,257,否,否
2023-09-15,2023,3,9,九月,37,4,周五,否,258,否,否
2023-09-16,2023,3,9,九月,37,5,周六,是,259,否,否
2023-09-17,2023,3,9,九月,37,6,周日,是,260,否,否
2023-09-18,2023,3,9,九月,38,0,周一,否,261,否,否
2023-09-19,2023,3,9,九月,38,1,周二,否,262,否,否
2023-09-20,2023,3,9,九月,38,2,周三,否,263,否,否
2023-09-21,2023,3,9,九月,38,3,周四,否,264,否,否
2023-09-22,2023,3,9,九月,38,4,周五,否,265,否,否
2023-09-23,2023,3,9,九月,38,5,周六,是,266,否,否
2023-09-24,2023,3,9,九月,38,6,周日,是,267,否,否
2023-09-25,2023,3,9,九月,39,0,周一,否,268,否,否
2023-09-26,2023,3,9,九月,39,1,周二,否,269,否,否
2023-09-27,2023,3,9,九月,39,2,周三,否,270,否,否
2023-09-28,2023,3,9,九月,39,3,周四,否,271,否,否
2023-09-29,2023,3,9,九月,39,4,周五,否,272,否,否
2023-09-30,2023,3,9,九月,39,5,周六,是,273,否,是
2023-10-01,2023,4,10,十月,39,6,周日,是,274,是,否
2023-10-02,2023,4,10,十月,40,0,周一,否,275,否,否
2023-10-03,2023,4,10,十月,40,1,周二,否,276,否,否
2023-10-04,2023,4,10,十月,40,2,周三,否,277,否,否
2023-10-05,2023,4,10,十月,40,3,周四,否,278,否,否
2023-10-06,2023,4,10,十月,40,4,周五,否,279,否,否
2023-10-07,2023,4,10,十月,40,5,周六,是,280,否,否
2023-10-08,2023,4,10,十月,40,6,周日,是,281,否,否
2023-10-09,2023,4,10,十月,41,0,周一,否,282,否,否
2023-10-10,2023,4,10,十月,41,1,周二,否,283,否,否
2023-10-11,2023,4,10,十月,41,2,周三,否,284,否,否
2023-10-12,2023,4,10,十月,41,3,周四,否,285,否,否
2023-10-13,2023,4,10,十月,41,4,周五,否,286,否,否
2023-10-14,2023,4,10,十月,41,5,周六,是,287,否,否
2023-10-15,2023,4,10,十月,41,6,周日,是,288,否,否
2023-10-16,2023,4,10,十月,42,0,周一,否,289,否,否
2023-10-17,2023,4,10,十月,42,1,周二,否,290,否,否
2023-10-18,2023,4,10,十月,42,2,周三,否,291,否,否
2023-10-19,2023,4,10,十月,42,3,周四,否,292,否,否
2023-10-20,2023,4,10,十月,42,4,周五,否,293,否,否
2023-10-21,2023,4,10,十月,42,5,周六,是,294,否,否
2023-10-22,2023,4,10,十月,42,6,周日,是,295,否,否
2023-10-23,2023,4,10,十月,43,0,周一,否,296,否,否
2023-10-24,2023,4,10,十月,43,1,周二,否,297,否,否
2023-10-25,2023,4,10,十月,43,2,周三,否,298,否,否
2023-10-26,2023,4,10,十月,43,3,周四,否,299,否,否
2023-10-27,2023,4,10,十月,43,4,周五,否,300,否,否
2023-10-28,2023,4,10,十月,43,5,周六,是,301,否,否
2023-10-29,2023,4,10,十月,43,6,周日,是,302,否,否
2023-10-30,2023,4,10,十月,44,0,周一,否,303,否,否
2023-10-31,2023,4,10,十月,44,1,周二,否,304,否,是
2023-11-01,2023,4,11,十一月,44,2,周三,否,305,是,否
2023-11-02,2023,4,11,十一月,44,3,周四,否,306,否,否
2023-11-03,2023,4,11,十一月,44,4,周五,否,307,否,否
2023-11-04,2023,4,11,十一月,44,5,周六,是,308,否,否
2023-11-05,2023,4,11,十一月,44,6,周日,是,309,否,否
2023-11-06,2023,4,11,十一月,45,0,周一,否,310,否,否
2023-11-07,2023,4,11,十一月,45,1,周二,否,311,否,否
2023-11-08,2023,4,11,十一月,45,2,周三,否,312,否,否
2023-11-09,2023,4,11,十一月,45,3,周四,否,313,否,否
2023-11-10,2023,4,11,十一月,45,4,周五,否,314,否,否
2023-11-11,2023,4,11,十一月,45,5,周六,是,315,否,否
2023-11-12,2023,4,11,十一月,45,6,周日,是,316,否,否
2023-11-13,2023,4,11,十一月,46,0,周一,否,317,否,否
2023-11-14,2023,4,11,十一月,46,1,周二,否,318,否,否
2023-11-15,2023,4,11,十一月,46,2,周三,否,319,否,否
2023-11-16,2023,4,11,十一月,46,3,周四,否,320,否,否
2023-11-17,2023,4,11,十一月,46,4,周五,否,321,否,否
2023-11-18,2023,4,11,十一月,46,5,周六,是,322,否,否
2023-11-19,2023,4,11,十一月,46,6,周日,是,323,否,否
2023-11-20,2023,4,11,十一月,47,0,周一,否,324,否,否
2023-11-21,2023,4,11,十一月,47,1,周二,否,325,否,否
2023-11-22,2023,4,11,十一月,47,2,周三,否,326,否,否
2023-11-23,2023,4,11,十一月,47,3,周四,否,327,否,否
2023-11-24,2023,4,11,十一月,47,4,周五,否,328,否,否
2023-11-25,2023,4,11,十一月,47,5,周六,是,329,否,否
2023-11-26,2023,4,11,十一月,47,6,周日,是,330,否,否
2023-11-27,2023,4,11,十一月,48,0,周一,否,331,否,否
2023-11-28,2023,4,11,十一月,48,1,周二,否,332,否,否
2023-11-29,2023,4,11,十一月,48,2,周三,否,333,否,否
2023-11-30,2023,4,11,十一月,48,3,周四,否,334,否,是
2023-12-01,2023,4,12,十二月,48,4,周五,否,335,是,否
2023-12-02,2023,4,12,十二月,48,5,周六,是,336,否,否
2023-12-03,2023,4,12,十二月,48,6,周日,是,337,否,否
2023-12-04,2023,4,12,十二月,49,0,周一,否,338,否,否
2023-12-05,2023,4,12,十二月,49,1,周二,否,339,否,否
2023-12-06,2023,4,12,十二月,49,2,周三,否,340,否,否
2023-12-07,2023,4,12,十二月,49,3,周四,否,341,否,否
2023-12-08,2023,4,12,十二月,49,4,周五,否,342,否,否
2023-12-09,2023,4,12,十二月,49,5,周六,是,343,否,否
2023-12-10,2023,4,12,十二月,49,6,周日,是,344,否,否
2023-12-11,2023,4,12,十二月,50,0,周一,否,345,否,否
2023-12-12,2023,4,12,十二月,50,1,周二,否,346,否,否
2023-12-13,2023,4,12,十二月,50,2,周三,否,347,否,否
2023-12-14,2023,4,12,十二月,50,3,周四,否,348,否,否
2023-12-15,2023,4,12,十二月,50,4,周五,否,349,否,否
2023-12-16,2023,4,12,十二月,50,5,周六,是,350,否,否
2023-12-17,2023,4,12,十二月,50,6,周日,是,351,否,否
2023-12-18,2023,4,12,十二月,51,0,周一,否,352,否,否
2023-12-19,2023,4,12,十二月,51,1,周二,否,353,否,否
2023-12-20,2023,4,12,十二月,51,2,周三,否,354,否,否
2023-12-21,2023,4,12,十二月,51,3,周四,否,355,否,否
2023-12-22,2023,4,12,十二月,51,4,周五,否,356,否,否
2023-12-23,2023,4,12,十二月,51,5,周六,是,357,否,否
2023-12-24,2023,4,12,十二月,51,6,周日,是,358,否,否
2023-12-25,2023,4,12,十二月,52,0,周一,否,359,否,否
2023-12-26,2023,4,12,十二月,52,1,周二,否,360,否,否
2023-12-27,2023,4,12,十二月,52,2,周三,否,361,否,否
2023-12-28,2023,4,12,十二月,52,3,周四,否,362,否,否
2023-12-29,2023,4,12,十二月,52,4,周五,否,363,否,否
2023-12-30,2023,4,12,十二月,52,5,周六,是,364,否,否
2023-12-31,2023,4,12,十二月,52,6,周日,是,365,否,是
2024-01-01,2024,1,1,一月,1,0,周一,否,1,是,否
2024-01-02,2024,1,1,一月,1,1,周二,否,2,否,否
2024-01-03,2024,1,1,一月,1,2,周三,否,3,否,否
2024-01-04,2024,1,1,一月,1,3,周四,否,4,否,否
2024-01-05,2024,1,1,一月,1,4,周五,否,5,否,否
2024-01-06,2024,1,1,一月,1,5,周六,是,6,否,否
2024-01-07,2024,1,1,一月,1,6,周日,是,7,否,否
2024-01-08,2024,1,1,一月,2,0,周一,否,8,否,否
2024-01-09,2024,1,1,一月,2,1,周二,否,9,否,否
2024-01-10,2024,1,1,一月,2,2,周三,否,10,否,否
2024-01-11,2024,1,1,一月,2,3,周四,否,11,否,否
2024-01-12,2024,1,1,一月,2,4,周五,否,12,否,否
2024-01-13,2024,1,1,一月,2,5,周六,是,13,否,否
2024-01-14,2024,1,1,一月,2,6,周日,是,14,否,否
2024-01-15,2024,1,1,一月,3,0,周一,否,15,否,否
2024-01-16,2024,1,1,一月,3,1,周二,否,16,否,否
2024-01-17,2024,1,1,一月,3,2,周三,否,17,否,否
2024-01-18,2024,1,1,一月,3,3,周四,否,18,否,否
2024-01-19,2024,1,1,一月,3,4,周五,否,19,否,否
2024-01-20,2024,1,1,一月,3,5,周六,是,20,否,否
2024-01-21,2024,1,1,一月,3,6,周日,是,21,否,否
2024-01-22,2024,1,1,一月,4,0,周一,否,22,否,否
2024-01-23,2024,1,1,一月,4,1,周二,否,23,否,否
2024-01-24,2024,1,1,一月,4,2,周三,否,24,否,否
2024-01-25,2024,1,1,一月,4,3,周四,否,25,否,否
2024-01-26,2024,1,1,一月,4,4,周五,否,26,否,否
2024-01-27,2024,1,1,一月,4,5,周六,是,27,否,否
2024-01-28,2024,1,1,一月,4,6,周日,是,28,否,否
2024-01-29,2024,1,1,一月,5,0,周一,否,29,否,否
2024-01-30,2024,1,1,一月,5,1,周二,否,30,否,否
2024-01-31,2024,1,1,一月,5,2,周三,否,31,否,是
2024-02-01,2024,1,2,二月,5,3,周四,否,32,是,否
2024-02-02,2024,1,2,二月,5,4,周五,否,33,否,否
2024-02-03,2024,1,2,二月,5,5,周六,是,34,否,否
2024-02-04,2024,1,2,二月,5,6,周日,是,35,否,否
2024-02-05,2024,1,2,二月,6,0,周一,否,36,否,否
2024-02-06,2024,1,2,二月,6,1,周二,否,37,否,否
2024-02-07,2024,1,2,二月,6,2,周三,否,38,否,否
2024-02-08,2024,1,2,二月,6,3,周四,否,39,否,否
2024-02-09,2024,1,2,二月,6,4,周五,否,40,否,否
2024-02-10,2024,1,2,二月,6,5,周六,是,41,否,否
2024-02-11,2024,1,2,二月,6,6,周日,是,42,否,否
2024-02-12,2024,1,2,二月,7,0,周一,否,43,否,否
2024-02-13,2024,1,2,二月,7,1,周二,否,44,否,否
2024-02-14,2024,1,2,二月,7,2,周三,否,45,否,否
2024-02-15,2024,1,2,二月,7,3,周四,否,46,否,否
2024-02-16,2024,1,2,二月,7,4,周五,否,47,否,否
2024-02-17,2024,1,2,二月,7,5,周六,是,48,否,否
2024-02-18,2024,1,2,二月,7,6,周日,是,49,否,否
2024-02-19,2024,1,2,二月,8,0,周一,否,50,否,否
2024-02-20,2024,1,2,二月,8,1,周二,否,51,否,否
2024-02-21,2024,1,2,二月,8,2,周三,否,52,否,否
2024-02-22,2024,1,2,二月,8,3,周四,否,53,否,否
2024-02-23,2024,1,2,二月,8,4,周五,否,54,否,否
2024-02-24,2024,1,2,二月,8,5,周六,是,55,否,否
2024-02-25,2024,1,2,二月,8,6,周日,是,56,否,否
2024-02-26,2024,1,2,二月,9,0,周一,否,57,否,否
2024-02-27,2024,1,2,二月,9,1,周二,否,58,否,否
2024-02-28,2024,1,2,二月,9,2,周三,否,59,否,否
2024-02-29,2024,1,2,二月,9,3,周四,否,60,否,是
2024-03-01,2024,1,3,三月,9,4,周五,否,61,是,否
2024-03-02,2024,1,3,三月,9,5,周六,是,62,否,否
2024-03-03,2024,1,3,三月,9,6,周日,是,63,否,否
2024-03-04,2024,1,3,三月,10,0,周一,否,64,否,否
2024-03-05,2024,1,3,三月,10,1,周二,否,65,否,否
2024-03-06,2024,1,3,三月,10,2,周三,否,66,否,否
2024-03-07,2024,1,3,三月,10,3,周四,否,67,否,否
2024-03-08,2024,1,3,三月,10,4,周五,否,68,否,否
2024-03-09,2024,1,3,三月,10,5,周六,是,69,否,否
2024-03-10,2024,1,3,三月,10,6,周日,是,70,否,否
2024-03-11,2024,1,3,三月,11,0,周一,否,71,否,否
2024-03-12,2024,1,3,三月,11,1,周二,否,72,否,否
2024-03-13,2024,1,3,三月,11,2,周三,否,73,否,否
2024-03-14,2024,1,3,三月,11,3,周四,否,74,否,否
2024-03-15,2024,1,3,三月,11,4,周五,否,75,否,否
2024-03-16,2024,1,3,三月,11,5,周六,是,76,否,否
2024-03-17,2024,1,3,三月,11,6,周日,是,77,否,否
2024-03-18,2024,1,3,三月,12,0,周一,否,78,否,否
2024-03-19,2024,1,3,三月,12,1,周二,否,79,否,否
2024-03-20,2024,1,3,三月,12,2,周三,否,80,否,否
2024-03-21,2024,1,3,三月,12,3,周四,否,81,否,否
2024-03-22,2024,1,3,三月,12,4,周五,否,82,否,否
2024-03-23,2024,1,3,三月,12,5,周六,是,83,否,否
2024-03-24,2024,1,3,三月,12,6,周日,是,84,否,否
2024-03-25,2024,1,3,三月,13,0,周一,否,85,否,否
2024-03-26,2024,1,3,三月,13,1,周二,否,86,否,否
2024-03-27,2024,1,3,三月,13,2,周三,否,87,否,否
2024-03-28,2024,1,3,三月,13,3,周四,否,88,否,否
2024-03-29,2024,1,3,三月,13,4,周五,否,89,否,否
2024-03-30,2024,1,3,三月,13,5,周六,是,90,否,否
2024-03-31,2024,1,3,三月,13,6,周日,是,91,否,是
2024-04-01,2024,2,4,四月,14,0,周一,否,92,是,否
2024-04-02,2024,2,4,四月,14,1,周二,否,93,否,否
2024-04-03,2024,2,4,四月,14,2,周三,否,94,否,否
2024-04-04,2024,2,4,四月,14,3,周四,否,95,否,否
2024-04-05,2024,2,4,四月,14,4,周五,否,96,否,否
2024-04-06,2024,2,4,四月,14,5,周六,是,97,否,否
2024-04-07,2024,2,4,四月,14,6,周日,是,98,否,否
2024-04-08,2024,2,4,四月,15,0,周一,否,99,否,否
2024-04-09,2024,2,4,四月,15,1,周二,否,100,否,否
2024-04-10,2024,2,4,四月,15,2,周三,否,101,否,否
2024-04-11,2024,2,4,四月,15,3,周四,否,102,否,否
2024-04-12,2024,2,4,四月,15,4,周五,否,103,否,否
2024-04-13,2024,2,4,四月,15,5,周六,是,104,否,否
2024-04-14,2024,2,4,四月,15,6,周日,是,105,否,否
2024-04-15,2024,2,4,四月,16,0,周一,否,106,否,否
2024-04-16,2024,2,4,四月,16,1,周二,否,107,否,否
2024-04-17,2024,2,4,四月,16,2,周三,否,108,否,否
2024-04-18,2024,2,4,四月,16,3,周四,否,109,否,否
2024-04-19,2024,2,4,四月,16,4,周五,否,110,否,否
2024-04-20,2024,2,4,四月,16,5,周六,是,111,否,否
2024-04-21,2024,2,4,四月,16,6,周日,是,112,否,否
2024-04-22,2024,2,4,四月,17,0,周一,否,113,否,否
2024-04-23,2024,2,4,四月,17,1,周二,否,114,否,否
2024-04-24,2024,2,4,四月,17,2,周三,否,115,否,否
2024-04-25,2024,2,4,四月,17,3,周四,否,116,否,否
2024-04-26,2024,2,4,四月,17,4,周五,否,117,否,否
2024-04-27,2024,2,4,四月,17,5,周六,是,118,否,否
2024-04-29,2024,2,4,四月,18,0,周一,否,120,否,否
2024-04-30,2024,2,4,四月,18,1,周二,否,121,否,是
2024-05-01,2024,2,5,五月,18,2,周三,否,122,是,否
2024-05-02,2024,2,5,五月,18,3,周四,否,123,否,否
2024-05-03,2024,2,5,五月,18,4,周五,否,124,否,否
2024-05-04,2024,2,5,五月,18,5,周六,是,125,否,否
2024-05-05,2024,2,5,五月,18,6,周日,是,126,否,否
2024-05-06,2024,2,5,五月,19,0,周一,否,127,否,否
2024-05-07,2024,2,5,五月,19,1,周二,否,128,否,否
2024-05-08,2024,2,5,五月,19,2,周三,否,129,否,否
2024-05-09,2024,2,5,五月,19,3,周四,否,130,否,否
2024-05-10,2024,2,5,五月,19,4,周五,否,131,否,否
2024-05-11,2024,2,5,五月,19,5,周六,是,132,否,否
2024-05-12,2024,2,5,五月,19,6,周日,是,133,否,否
2024-05-13,2024,2,5,五月,20,0,周一,否,134,否,否
2024-05-14,2024,2,5,五月,20,1,周二,否,135,否,否
2024-05-15,2024,2,5,五月,20,2,周三,否,136,否,否
2024-05-16,2024,2,5,五月,20,3,周四,否,137,否,否
2024-05-17,2024,2,5,五月,20,4,周五,否,138,否,否
2024-05-18,2024,2,5,五月,20,5,周六,是,139,否,否
2024-05-19,2024,2,5,五月,20,6,周日,是,140,否,否
2024-05-20,2024,2,5,五月,21,0,周一,否,141,否,否
2024-05-21,2024,2,5,五月,21,1,周二,否,142,否,否
2024-05-22,2024,2,5,五月,21,2,周三,否,143,否,否
2024-05-23,2024,2,5,五月,21,3,周四,否,144,否,否
2024-05-24,2024,2,5,五月,21,4,周五,否,145,否,否
2024-05-25,2024,2,5,五月,21,5,周六,是,146,否,否
2024-05-26,2024,2,5,五月,21,6,周日,是,147,否,否
2024-05-27,2024,2,5,五月,22,0,周一,否,148,否,否
2024-05-28,2024,2,5,五月,22,1,周二,否,149,否,否
2024-05-29,2024,2,5,五月,22,2,周三,否,150,否,否
2024-05-30,2024,2,5,五月,22,3,周四,否,151,否,否
2024-05-31,2024,2,5,五月,22,4,周五,否,152,否,是
2024-06-01,2024,2,6,六月,22,5,周六,是,153,是,否
2024-06-02,2024,2,6,六月,22,6,周日,是,154,否,否
2024-06-03,2024,2,6,六月,23,0,周一,否,155,否,否
2024-06-04,2024,2,6,六月,23,1,周二,否,156,否,否
2024-06-05,2024,2,6,六月,23,2,周三,否,157,否,否
2024-06-06,2024,2,6,六月,23,3,周四,否,158,否,否
2024-06-07,2024,2,6,六月,23,4,周五,否,159,否,否
2024-06-08,2024,2,6,六月,23,5,周六,是,160,否,否
2024-06-09,2024,2,6,六月,23,6,周日,是,161,否,否
2024-06-10,2024,2,6,六月,24,0,周一,否,162,否,否
2024-06-11,2024,2,6,六月,24,1,周二,否,163,否,否
2024-06-12,2024,2,6,六月,24,2,周三,否,164,否,否
2024-06-13,2024,2,6,六月,24,3,周四,否,165,否,否
2024-06-14,2024,2,6,六月,24,4,周五,否,166,否,否
2024-06-15,2024,2,6,六月,24,5,周六,是,167,否,否
2024-06-16,2024,2,6,六月,24,6,周日,是,168,否,否
2024-06-17,2024,2,6,六月,25,0,周一,否,169,否,否
2024-06-18,2024,2,6,六月,25,1,周二,否,170,否,否
2024-06-19,2024,2,6,六月,25,2,周三,否,171,否,否
2024-06-20,2024,2,6,六月,25,3,周四,否,172,否,否
2024-06-21,2024,2,6,六月,25,4,周五,否,173,否,否
2024-06-22,2024,2,6,六月,25,5,周六,是,174,否,否
2024-06-23,2024,2,6,六月,25,6,周日,是,175,否,否
2024-06-24,2024,2,6,六月,26,0,周一,否,176,否,否
2024-06-25,2024,2,6,六月,26,1,周二,否,177,否,否
2024-06-26,2024,2,6,六月,26,2,周三,否,178,否,否
2024-06-27,2024,2,6,六月,26,3,周四,否,179,否,否
2024-06-28,2024,2,6,六月,26,4,周五,否,180,否,否
2024-06-29,2024,2,6,六月,26,5,周六,是,181,否,否
2024-06-30,2024,2,6,六月,26,6,周日,是,182,否,是
2024-07-01,2024,3,7,七月,27,0,周一,否,183,是,否
2024-07-02,2024,3,7,七月,27,1,周二,否,184,否,否
2024-07-03,2024,3,7,七月,27,2,周三,否,185,否,否
2024-07-04,2024,3,7,七月,27,3,周四,否,186,否,否
2024-07-05,2024,3,7,七月,27,4,周五,否,187,否,否
2024-07-06,2024,3,7,七月,27,5,周六,是,188,否,否
2024-07-07,2024,3,7,七月,27,6,周日,是,189,否,否
2024-07-08,2024,3,7,七月,28,0,周一,否,190,否,否
2024-07-09,2024,3,7,七月,28,1,周二,否,191,否,否
2024-07-10,2024,3,7,七月,28,2,周三,否,192,否,否
2024-07-11,2024,3,7,七月,28,3,周四,否,193,否,否
2024-07-12,2024,3,7,七月,28,4,周五,否,194,否,否
2024-07-13,2024,3,7,七月,28,5,周六,是,195,否,否
2024-07-14,2024,3,7,七月,28,6,周日,是,196,否,否
2024-07-15,2024,3,7,七月,29,0,周一,否,197,否,否
2024-07-16,2024,3,7,七月,29,1,周二,否,198,否,否
2024-07-17,2024,3,7,七月,29,2,周三,否,199,否,否
2024-07-18,2024,3,7,七月,29,3,周四,否,200,否,否
2024-07-19,2024,3,7,七月,29,4,周五,否,201,否,否
2024-07-20,2024,3,7,七月,29,5,周六,是,202,否,否
2024-07-21,2024,3,7,七月,29,6,周日,是,203,否,否
2024-07-22,2024,3,7,七月,30,0,周一,否,204,否,否
2024-07-23,2024,3,7,七月,30,1,周二,否,205,否,否
2024-07-24,2024,3,7,七月,30,2,周三,否,206,否,否
2024-07-25,2024,3,7,七月,30,3,周四,否,207,否,否
2024-07-26,2024,3,7,七月,30,4,周五,否,208,否,否
2024-07-27,2024,3,7,七月,30,5,周六,是,209,否,否
2024-07-28,2024,3,7,七月,30,6,周日,是,210,否,否
2024-07-29,2024,3,7,七月,31,0,周一,否,211,否,否
2024-07-30,2024,3,7,七月,31,1,周二,否,212,否,否
2024-07-31,2024,3,7,七月,31,2,周三,否,213,否,是
2024-08-01,2024,3,8,八月,31,3,周四,否,214,是,否
2024-08-02,2024,3,8,八月,31,4,周五,否,215,否,否
2024-08-03,2024,3,8,八月,31,5,周六,是,216,否,否
2024-08-04,2024,3,8,八月,31,6,周日,是,217,否,否
2024-08-05,2024,3,8,八月,32,0,周一,否,218,否,否
2024-08-06,2024,3,8,八月,32,1,周二,否,219,否,否
2024-08-07,2024,3,8,八月,32,2,周三,否,220,否,否
2024-08-08,2024,3,8,八月,32,3,周四,否,221,否,否
2024-08-09,2024,3,8,八月,32,4,周五,否,222,否,否
2024-08-10,2024,3,8,八月,32,5,周六,是,223,否,否
2024-08-11,2024,3,8,八月,32,6,周日,是,224,否,否
2024-08-12,2024,3,8,八月,33,0,周一,否,225,否,否
2024-08-13,2024,3,8,八月,33,1,周二,否,226,否,否
2024-08-14,2024,3,8,八月,33,2,周三,否,227,否,否
2024-08-15,2024,3,8,八月,33,3,周四,否,228,否,否
2024-08-16,2024,3,8,八月,33,4,周五,否,229,否,否
2024-08-17,2024,3,8,八月,33,5,周六,是,230,否,否
2024-08-18,2024,3,8,八月,33,6,周日,是,231,否,否
2024-08-19,2024,3,8,八月,34,0,周一,否,232,否,否
2024-08-20,2024,3,8,八月,34,1,周二,否,233,否,否
2024-08-21,2024,3,8,八月,34,2,周三,否,234,否,否
2024-08-22,2024,3,8,八月,34,3,周四,否,235,否,否
2024-08-23,2024,3,8,八月,34,4,周五,否,236,否,否
2024-08-24,2024,3,8,八月,34,5,周六,是,237,否,否
2024-08-25,2024,3,8,八月,34,6,周日,是,238,否,否
2024-08-26,2024,3,8,八月,35,0,周一,否,239,否,否
2024-08-27,2024,3,8,八月,35,1,周二,否,240,否,否
2024-08-28,2024,3,8,八月,35,2,周三,否,241,否,否
2024-08-29,2024,3,8,八月,35,3,周四,否,242,否,否
2024-08-30,2024,3,8,八月,35,4,周五,否,243,否,否
2024-08-31,2024,3,8,八月,35,5,周六,是,244,否,是
2024-09-01,2024,3,9,九月,35,6,周日,是,245,是,否
2024-09-02,2024,3,9,九月,36,0,周一,否,246,否,否
2024-09-03,2024,3,9,九月,36,1,周二,否,247,否,否
2024-09-04,2024,3,9,九月,36,2,周三,否,248,否,否
2024-09-05,2024,3,9,九月,36,3,周四,否,249,否,否
2024-09-06,2024,3,9,九月,36,4,周五,否,250,否,否
2024-09-07,2024,3,9,九月,36,5,周六,是,251,否,否
2024-09-08,2024,3,9,九月,36,6,周日,是,252,否,否
2024-09-09,2024,3,9,九月,37,0,周一,否,253,否,否
2024-09-10,2024,3,9,九月,37,1,周二,否,254,否,否
2024-09-11,2024,3,9,九月,37,2,周三,否,255,否,否
2024-09-12,2024,3,9,九月,37,3,周四,否,256,否,否
2024-09-13,2024,3,9,九月,37,4,周五,否,257,否,否
2024-09-14,2024,3,9,九月,37,5,周六,是,258,否,否
2024-09-15,2024,3,9,九月,37,6,周日,是,259,否,否
2024-09-16,2024,3,9,九月,38,0,周一,否,260,否,否
2024-09-17,2024,3,9,九月,38,1,周二,否,261,否,否
2024-09-18,2024,3,9,九月,38,2,周三,否,262,否,否
2024-09-19,2024,3,9,九月,38,3,周四,否,263,否,否
2024-09-20,2024,3,9,九月,38,4,周五,否,264,否,否
2024-09-21,2024,3,9,九月,38,5,周六,是,265,否,否
2024-09-22,2024,3,9,九月,38,6,周日,是,266,否,否
2024-09-23,2024,3,9,九月,39,0,周一,否,267,否,否
2024-09-24,2024,3,9,九月,39,1,周二,否,268,否,否
2024-09-25,2024,3,9,九月,39,2,周三,否,269,否,否
2024-09-26,2024,3,9,九月,39,3,周四,否,270,否,否
2024-09-27,2024,3,9,九月,39,4,周五,否,271,否,否
2024-09-28,2024,3,9,九月,39,5,周六,是,272,否,否
2024-09-29,2024,3,9,九月,39,6,周日,是,273,否,否
2024-09-30,2024,3,9,九月,40,0,周一,否,274,否,是
2024-10-01,2024,4,10,十月,40,1,周二,否,275,是,否
2024-10-02,2024,4,10,十月,40,2,周三,否,276,否,否
2024-10-03,2024,4,10,十月,40,3,周四,否,277,否,否
2024-10-04,2024,4,10,十月,40,4,周五,否,278,否,否
2024-10-05,2024,4,10,十月,40,5,周六,是,279,否,否
2024-10-06,2024,4,10,十月,40,6,周日,是,280,否,否
2024-10-07,2024,4,10,十月,41,0,周一,否,281,否,否
2024-10-08,2024,4,10,十月,41,1,周二,否,282,否,否
2024-10-09,2024,4,10,十月,41,2,周三,否,283,否,否
2024-10-10,2024,4,10,十月,41,3,周四,否,284,否,否
2024-10-11,2024,4,10,十月,41,4,周五,否,285,否,否
2024-10-12,2024,4,10,十月,41,5,周六,是,286,否,否
2024-10-13,2024,4,10,十月,41,6,周日,是,287,否,否
2024-10-14,2024,4,10,十月,42,0,周一,否,288,否,否
2024-10-15,2024,4,10,十月,42,1,周二,否,289,否,否
2024-10-16,2024,4,10,十月,42,2,周三,否,290,否,否
2024-10-17,2024,4,10,十月,42,3,周四,否,291,否,否
2024-10-18,2024,4,10,十月,42,4,周五,否,292,否,否
2024-10-19,2024,4,10,十月,42,5,周六,是,293,否,否
2024-10-20,2024,4,10,十月,42,6,周日,是,294,否,否
2024-10-21,2024,4,10,十月,43,0,周一,否,295,否,否
2024-10-22,2024,4,10,十月,43,1,周二,否,296,否,否
2024-10-23,2024,4,10,十月,43,2,周三,否,297,否,否
2024-10-24,2024,4,10,十月,43,3,周四,否,298,否,否
2024-10-25,2024,4,10,十月,43,4,周五,否,299,否,否
2024-10-26,2024,4,10,十月,43,5,周六,是,300,否,否
2024-10-27,2024,4,10,十月,43,6,周日,是,301,否,否
2024-10-28,2024,4,10,十月,44,0,周一,否,302,否,否
2024-10-29,2024,4,10,十月,44,1,周二,否,303,否,否
2024-10-30,2024,4,10,十月,44,2,周三,否,304,否,否
2024-10-31,2024,4,10,十月,44,3,周四,否,305,否,是
2024-11-01,2024,4,11,十一月,44,4,周五,否,306,是,否
2024-11-02,2024,4,11,十一月,44,5,周六,是,307,否,否
2024-11-03,2024,4,11,十一月,44,6,周日,是,308,否,否
2024-11-04,2024,4,11,十一月,45,0,周一,否,309,否,否
2024-11-05,2024,4,11,十一月,45,1,周二,否,310,否,否
2024-11-06,2024,4,11,十一月,45,2,周三,否,311,否,否
2024-11-07,2024,4,11,十一月,45,3,周四,否,312,否,否
2024-11-08,2024,4,11,十一月,45,4,周五,否,313,否,否
2024-11-09,2024,4,11,十一月,45,5,周六,是,314,否,否
2024-11-10,2024,4,11,十一月,45,6,周日,是,315,否,否
2024-11-11,2024,4,11,十一月,46,0,周一,否,316,否,否
2024-11-12,2024,4,11,十一月,46,1,周二,否,317,否,否
2024-11-13,2024,4,11,十一月,46,2,周三,否,318,否,否
2024-11-14,2024,4,11,十一月,46,3,周四,否,319,否,否
2024-11-15,2024,4,11,十一月,46,4,周五,否,320,否,否
2024-11-16,2024,4,11,十一月,46,5,周六,是,321,否,否
2024-11-17,2024,4,11,十一月,46,6,周日,是,322,否,否
2024-11-18,2024,4,11,十一月,47,0,周一,否,323,否,否
2024-11-19,2024,4,11,十一月,47,1,周二,否,324,否,否
2024-11-20,2024,4,11,十一月,47,2,周三,否,325,否,否
2024-11-21,2024,4,11,十一月,47,3,周四,否,326,否,否
2024-11-22,2024,4,11,十一月,47,4,周五,否,327,否,否
2024-11-23,2024,4,11,十一月,47,5,周六,是,328,否,否
2024-11-24,2024,4,11,十一月,47,6,周日,是,329,否,否
2024-11-25,2024,4,11,十一月,48,0,周一,否,330,否,否
2024-11-26,2024,4,11,十一月,48,1,周二,否,331,否,否
2024-11-27,2024,4,11,十一月,48,2,周三,否,332,否,否
2024-11-28,2024,4,11,十一月,48,3,周四,否,333,否,否
2024-11-29,2024,4,11,十一月,48,4,周五,否,334,否,否
2024-11-30,2024,4,11,十一月,48,5,周六,是,335,否,是
2024-12-01,2024,4,12,十二月,48,6,周日,是,336,是,否
2024-12-02,2024,4,12,十二月,49,0,周一,否,337,否,否
2024-12-03,2024,4,12,十二月,49,1,周二,否,338,否,否
2024-12-04,2024,4,12,十二月,49,2,周三,否,339,否,否
2024-12-05,2024,4,12,十二月,49,3,周四,否,340,否,否
2024-12-06,2024,4,12,十二月,49,4,周五,否,341,否,否
2024-12-07,2024,4,12,十二月,49,5,周六,是,342,否,否
2024-12-08,2024,4,12,十二月,49,6,周日,是,343,否,否
2024-12-09,2024,4,12,十二月,50,0,周一,否,344,否,否
2024-12-10,2024,4,12,十二月,50,1,周二,否,345,否,否
2024-12-11,2024,4,12,十二月,50,2,周三,否,346,否,否
2024-12-12,2024,4,12,十二月,50,3,周四,否,347,否,否
2024-12-13,2024,4,12,十二月,50,4,周五,否,348,否,否
2024-12-14,2024,4,12,十二月,50,5,周六,是,349,否,否
2024-12-15,2024,4,12,十二月,50,6,周日,是,350,否,否
2024-12-16,2024,4,12,十二月,51,0,周一,否,351,否,否
2024-12-17,2024,4,12,十二月,51,1,周二,否,352,否,否
2024-12-18,2024,4,12,十二月,51,2,周三,否,353,否,否
2024-12-19,2024,4,12,十二月,51,3,周四,否,354,否,否
2024-12-20,2024,4,12,十二月,51,4,周五,否,355,否,否
2024-12-21,2024,4,12,十二月,51,5,周六,是,356,否,否
2024-12-22,2024,4,12,十二月,51,6,周日,是,357,否,否
2024-12-23,2024,4,12,十二月,52,0,周一,否,358,否,否
2024-12-24,2024,4,12,十二月,52,1,周二,否,359,否,否
2024-12-25,2024,4,12,十二月,52,2,周三,否,360,否,否
2024-12-26,2024,4,12,十二月,52,3,周四,否,361,否,否
2024-12-27,2024,4,12,十二月,52,4,周五,否,362,否,否
2024-12-28,2024,4,12,十二月,52,5,周六,是,363,否,否
2024-12-29,2024,4,12,十二月,52,6,周日,是,364,否,否
2024-12-30,2024,4,12,十二月,1,0,周一,否,365,否,否
2024-12-31,2024,4,12,十二月,1,1,周二,否,366,否,是
2025-01-01,2025,1,1,一月,1,2,周三,否,1,是,否
2025-01-02,2025,1,1,一月,1,3,周四,否,2,否,否
2025-01-03,2025,1,1,一月,1,4,周五,否,3,否,否
2025-01-04,2025,1,1,一月,1,5,周六,是,4,否,否
2025-01-05,2025,1,1,一月,1,6,周日,是,5,否,否
2025-01-06,2025,1,1,一月,2,0,周一,否,6,否,否
2025-01-07,2025,1,1,一月,2,1,周二,否,7,否,否
2025-01-08,2025,1,1,一月,2,2,周三,否,8,否,否
2025-01-09,2025,1,1,一月,2,3,周四,否,9,否,否
2025-01-10,2025,1,1,一月,2,4,周五,否,10,否,否
2025-01-11,2025,1,1,一月,2,5,周六,是,11,否,否
2025-01-12,2025,1,1,一月,2,6,周日,是,12,否,否
2025-01-13,2025,1,1,一月,3,0,周一,否,13,否,否
2025-01-14,2025,1,1,一月,3,1,周二,否,14,否,否
2025-01-15,2025,1,1,一月,3,2,周三,否,15,否,否
2025-01-16,2025,1,1,一月,3,3,周四,否,16,否,否
2025-01-17,2025,1,1,一月,3,4,周五,否,17,否,否
2025-01-18,2025,1,1,一月,3,5,周六,是,18,否,否
2025-01-19,2025,1,1,一月,3,6,周日,是,19,否,否
2025-01-20,2025,1,1,一月,4,0,周一,否,20,否,否
2025-01-21,2025,1,1,一月,4,1,周二,否,21,否,否
2025-01-22,2025,1,1,一月,4,2,周三,否,22,否,否
2025-01-23,2025,1,1,一月,4,3,周四,否,23,否,否
2025-01-24,2025,1,1,一月,4,4,周五,否,24,否,否
2025-01-25,2025,1,1,一月,4,5,周六,是,25,否,否
2025-01-26,2025,1,1,一月,4,6,周日,是,26,否,否
2025-01-27,2025,1,1,一月,5,0,周一,否,27,否,否
2025-01-28,2025,1,1,一月,5,1,周二,否,28,否,否
2025-01-29,2025,1,1,一月,5,2,周三,否,29,否,否
2025-01-30,2025,1,1,一月,5,3,周四,否,30,否,否
2025-01-31,2025,1,1,一月,5,4,周五,否,31,否,是
2025-02-01,2025,1,2,二月,5,5,周六,是,32,是,否
2025-02-02,2025,1,2,二月,5,6,周日,是,33,否,否
2025-02-03,2025,1,2,二月,6,0,周一,否,34,否,否
2025-02-04,2025,1,2,二月,6,1,周二,否,35,否,否
2025-02-05,2025,1,2,二月,6,2,周三,否,36,否,否
2025-02-06,2025,1,2,二月,6,3,周四,否,37,否,否
2025-02-07,2025,1,2,二月,6,4,周五,否,38,否,否
2025-02-08,2025,1,2,二月,6,5,周六,是,39,否,否
2025-02-09,2025,1,2,二月,6,6,周日,是,40,否,否
2025-02-10,2025,1,2,二月,7,0,周一,否,41,否,否
2025-02-11,2025,1,2,二月,7,1,周二,否,42,否,否
2025-02-12,2025,1,2,二月,7,2,周三,否,43,否,否
2025-02-13,2025,1,2,二月,7,3,周四,否,44,否,否
2025-02-14,2025,1,2,二月,7,4,周五,否,45,否,否
2025-02-15,2025,1,2,二月,7,5,周六,是,46,否,否
2025-02-16,2025,1,2,二月,7,6,周日,是,47,否,否
2025-02-17,2025,1,2,二月,8,0,周一,否,48,否,否
2025-02-18,2025,1,2,二月,8,1,周二,否,49,否,否
2025-02-19,2025,1,2,二月,8,2,周三,否,50,否,否
2025-02-20,2025,1,2,二月,8,3,周四,否,51,否,否
2025-02-21,2025,1,2,二月,8,4,周五,否,52,否,否
2025-02-22,2025,1,2,二月,8,5,周六,是,53,否,否
2025-02-23,2025,1,2,二月,8,6,周日,是,54,否,否
2025-02-24,2025,1,2,二月,9,0,周一,否,55,否,否
2025-02-25,2025,1,2,二月,9,1,周二,否,56,否,否
2025-02-26,2025,1,2,二月,9,2,周三,否,57,否,否
2025-02-27,2025,1,2,二月,9,3,周四,否,58,否,否
2025-02-28,2025,1,2,二月,9,4,周五,否,59,否,是
2025-03-01,2025,1,3,三月,9,5,周六,是,60,是,否
2025-03-02,2025,1,3,三月,9,6,周日,是,61,否,否
2025-03-03,2025,1,3,三月,10,0,周一,否,62,否,否
2025-03-04,2025,1,3,三月,10,1,周二,否,63,否,否
2025-03-05,2025,1,3,三月,10,2,周三,否,64,否,否
2025-03-06,2025,1,3,三月,10,3,周四,否,65,否,否
2025-03-07,2025,1,3,三月,10,4,周五,否,66,否,否
2025-03-08,2025,1,3,三月,10,5,周六,是,67,否,否
2025-03-09,2025,1,3,三月,10,6,周日,是,68,否,否
2025-03-10,2025,1,3,三月,11,0,周一,否,69,否,否
2025-03-11,2025,1,3,三月,11,1,周二,否,70,否,否
2025-03-12,2025,1,3,三月,11,2,周三,否,71,否,否
2025-03-13,2025,1,3,三月,11,3,周四,否,72,否,否
2025-03-14,2025,1,3,三月,11,4,周五,否,73,否,否
2025-03-15,2025,1,3,三月,11,5,周六,是,74,否,否
2025-03-16,2025,1,3,三月,11,6,周日,是,75,否,否
2025-03-17,2025,1,3,三月,12,0,周一,否,76,否,否
2025-03-18,2025,1,3,三月,12,1,周二,否,77,否,否
2025-03-19,2025,1,3,三月,12,2,周三,否,78,否,否
2025-03-20,2025,1,3,三月,12,3,周四,否,79,否,否
2025-03-21,2025,1,3,三月,12,4,周五,否,80,否,否
2025-03-22,2025,1,3,三月,12,5,周六,是,81,否,否
2025-03-23,2025,1,3,三月,12,6,周日,是,82,否,否
2025-03-24,2025,1,3,三月,13,0,周一,否,83,否,否
